<annotation>
	<folder></folder>
	<filename>00001018_005_png.rf.b4c5d06a799fe64ea03fc846daa10121.jpg</filename>
	<path>00001018_005_png.rf.b4c5d06a799fe64ea03fc846daa10121.jpg</path>
	<source>
		<database>roboflow.com</database>
	</source>
	<size>
		<width>1024</width>
		<height>1024</height>
		<depth>3</depth>
	</size>
	<segmented>0</segmented>
	<object>
		<name>nopneumonia</name>
		<pose>Unspecified</pose>
		<truncated>0</truncated>
		<difficult>0</difficult>
		<occluded>0</occluded>
		<bndbox>
			<xmin>209</xmin>
			<xmax>357</xmax>
			<ymin>313</ymin>
			<ymax>659</ymax>
		</bndbox>
	</object>
	<object>
		<name>nopneumonia</name>
		<pose>Unspecified</pose>
		<truncated>0</truncated>
		<difficult>0</difficult>
		<occluded>0</occluded>
		<bndbox>
			<xmin>641</xmin>
			<xmax>797</xmax>
			<ymin>205</ymin>
			<ymax>565</ymax>
		</bndbox>
	</object>
</annotation>
