<annotation>
	<folder></folder>
	<filename>00002052_002_png.rf.ff49bfc1cc87c6ca6143bb72376d9678.jpg</filename>
	<path>00002052_002_png.rf.ff49bfc1cc87c6ca6143bb72376d9678.jpg</path>
	<source>
		<database>roboflow.com</database>
	</source>
	<size>
		<width>1024</width>
		<height>1024</height>
		<depth>3</depth>
	</size>
	<segmented>0</segmented>
	<object>
		<name>pneumonia</name>
		<pose>Unspecified</pose>
		<truncated>0</truncated>
		<difficult>0</difficult>
		<occluded>0</occluded>
		<bndbox>
			<xmin>257</xmin>
			<xmax>369</xmax>
			<ymin>183</ymin>
			<ymax>352</ymax>
		</bndbox>
	</object>
	<object>
		<name>nopneumonia</name>
		<pose>Unspecified</pose>
		<truncated>0</truncated>
		<difficult>0</difficult>
		<occluded>0</occluded>
		<bndbox>
			<xmin>653</xmin>
			<xmax>749</xmax>
			<ymin>263</ymin>
			<ymax>476</ymax>
		</bndbox>
	</object>
</annotation>
