<annotation>
	<folder></folder>
	<filename>00004344_002_png.rf.9eae2bfc33f8c7f15dd824953fd72ec2.jpg</filename>
	<path>00004344_002_png.rf.9eae2bfc33f8c7f15dd824953fd72ec2.jpg</path>
	<source>
		<database>roboflow.com</database>
	</source>
	<size>
		<width>1024</width>
		<height>1024</height>
		<depth>3</depth>
	</size>
	<segmented>0</segmented>
	<object>
		<name>pneumonia</name>
		<pose>Unspecified</pose>
		<truncated>0</truncated>
		<difficult>0</difficult>
		<occluded>0</occluded>
		<bndbox>
			<xmin>271</xmin>
			<xmax>375</xmax>
			<ymin>226</ymin>
			<ymax>705</ymax>
		</bndbox>
	</object>
	<object>
		<name>pneumonia</name>
		<pose>Unspecified</pose>
		<truncated>0</truncated>
		<difficult>0</difficult>
		<occluded>0</occluded>
		<bndbox>
			<xmin>641</xmin>
			<xmax>764</xmax>
			<ymin>339</ymin>
			<ymax>489</ymax>
		</bndbox>
	</object>
</annotation>
