<annotation>
	<folder></folder>
	<filename>00004893_027_png.rf.a453f42b5a7d4d3528a99e9f04766c86.jpg</filename>
	<path>00004893_027_png.rf.a453f42b5a7d4d3528a99e9f04766c86.jpg</path>
	<source>
		<database>roboflow.com</database>
	</source>
	<size>
		<width>1024</width>
		<height>1024</height>
		<depth>3</depth>
	</size>
	<segmented>0</segmented>
	<object>
		<name>pneumonia</name>
		<pose>Unspecified</pose>
		<truncated>0</truncated>
		<difficult>0</difficult>
		<occluded>0</occluded>
		<bndbox>
			<xmin>274</xmin>
			<xmax>371</xmax>
			<ymin>278</ymin>
			<ymax>592</ymax>
		</bndbox>
	</object>
	<object>
		<name>pneumonia</name>
		<pose>Unspecified</pose>
		<truncated>0</truncated>
		<difficult>0</difficult>
		<occluded>0</occluded>
		<bndbox>
			<xmin>687</xmin>
			<xmax>803</xmax>
			<ymin>349</ymin>
			<ymax>499</ymax>
		</bndbox>
	</object>
</annotation>
