<annotation>
	<folder></folder>
	<filename>00001317_002_png.rf.1cc247f3bcda37c227a128aace6bc239.jpg</filename>
	<path>00001317_002_png.rf.1cc247f3bcda37c227a128aace6bc239.jpg</path>
	<source>
		<database>roboflow.com</database>
	</source>
	<size>
		<width>1024</width>
		<height>1024</height>
		<depth>3</depth>
	</size>
	<segmented>0</segmented>
	<object>
		<name>nopneumonia</name>
		<pose>Unspecified</pose>
		<truncated>0</truncated>
		<difficult>0</difficult>
		<occluded>0</occluded>
		<bndbox>
			<xmin>229</xmin>
			<xmax>336</xmax>
			<ymin>352</ymin>
			<ymax>782</ymax>
		</bndbox>
	</object>
	<object>
		<name>pneumonia</name>
		<pose>Unspecified</pose>
		<truncated>0</truncated>
		<difficult>0</difficult>
		<occluded>0</occluded>
		<bndbox>
			<xmin>758</xmin>
			<xmax>869</xmax>
			<ymin>657</ymin>
			<ymax>891</ymax>
		</bndbox>
	</object>
</annotation>
