<annotation>
	<folder></folder>
	<filename>00007624_024_png.rf.059efa80067c0807eb98c2c7d77b70fd.jpg</filename>
	<path>00007624_024_png.rf.059efa80067c0807eb98c2c7d77b70fd.jpg</path>
	<source>
		<database>roboflow.com</database>
	</source>
	<size>
		<width>1024</width>
		<height>1024</height>
		<depth>3</depth>
	</size>
	<segmented>0</segmented>
	<object>
		<name>nopneumonia</name>
		<pose>Unspecified</pose>
		<truncated>0</truncated>
		<difficult>0</difficult>
		<occluded>0</occluded>
		<bndbox>
			<xmin>82</xmin>
			<xmax>194</xmax>
			<ymin>221</ymin>
			<ymax>670</ymax>
		</bndbox>
	</object>
	<object>
		<name>nopneumonia</name>
		<pose>Unspecified</pose>
		<truncated>0</truncated>
		<difficult>0</difficult>
		<occluded>0</occluded>
		<bndbox>
			<xmin>557</xmin>
			<xmax>658</xmax>
			<ymin>205</ymin>
			<ymax>595</ymax>
		</bndbox>
	</object>
</annotation>
