<annotation>
	<folder></folder>
	<filename>00006289_005_png.rf.22707ca89fdd9056bc0d2988742b809a.jpg</filename>
	<path>00006289_005_png.rf.22707ca89fdd9056bc0d2988742b809a.jpg</path>
	<source>
		<database>roboflow.com</database>
	</source>
	<size>
		<width>1024</width>
		<height>1024</height>
		<depth>3</depth>
	</size>
	<segmented>0</segmented>
	<object>
		<name>pneumonia</name>
		<pose>Unspecified</pose>
		<truncated>0</truncated>
		<difficult>0</difficult>
		<occluded>0</occluded>
		<bndbox>
			<xmin>280</xmin>
			<xmax>383</xmax>
			<ymin>388</ymin>
			<ymax>523</ymax>
		</bndbox>
	</object>
	<object>
		<name>pneumonia</name>
		<pose>Unspecified</pose>
		<truncated>0</truncated>
		<difficult>0</difficult>
		<occluded>0</occluded>
		<bndbox>
			<xmin>719</xmin>
			<xmax>799</xmax>
			<ymin>387</ymin>
			<ymax>543</ymax>
		</bndbox>
	</object>
</annotation>
