<annotation>
	<folder></folder>
	<filename>00001529_005_png.rf.f73babd3ef92a5c82694714ce9ed3aff.jpg</filename>
	<path>00001529_005_png.rf.f73babd3ef92a5c82694714ce9ed3aff.jpg</path>
	<source>
		<database>roboflow.com</database>
	</source>
	<size>
		<width>1024</width>
		<height>1024</height>
		<depth>3</depth>
	</size>
	<segmented>0</segmented>
	<object>
		<name>nopneumonia</name>
		<pose>Unspecified</pose>
		<truncated>0</truncated>
		<difficult>0</difficult>
		<occluded>0</occluded>
		<bndbox>
			<xmin>193</xmin>
			<xmax>306</xmax>
			<ymin>175</ymin>
			<ymax>560</ymax>
		</bndbox>
	</object>
	<object>
		<name>nopneumonia</name>
		<pose>Unspecified</pose>
		<truncated>0</truncated>
		<difficult>0</difficult>
		<occluded>0</occluded>
		<bndbox>
			<xmin>684</xmin>
			<xmax>807</xmax>
			<ymin>148</ymin>
			<ymax>459</ymax>
		</bndbox>
	</object>
</annotation>
