<annotation>
	<folder></folder>
	<filename>00006260_001_png.rf.22e663dd880cd09c958fd73443063a19.jpg</filename>
	<path>00006260_001_png.rf.22e663dd880cd09c958fd73443063a19.jpg</path>
	<source>
		<database>roboflow.com</database>
	</source>
	<size>
		<width>1024</width>
		<height>1024</height>
		<depth>3</depth>
	</size>
	<segmented>0</segmented>
	<object>
		<name>nopneumonia</name>
		<pose>Unspecified</pose>
		<truncated>0</truncated>
		<difficult>0</difficult>
		<occluded>0</occluded>
		<bndbox>
			<xmin>652</xmin>
			<xmax>754</xmax>
			<ymin>302</ymin>
			<ymax>601</ymax>
		</bndbox>
	</object>
	<object>
		<name>nopneumonia</name>
		<pose>Unspecified</pose>
		<truncated>0</truncated>
		<difficult>0</difficult>
		<occluded>0</occluded>
		<bndbox>
			<xmin>154</xmin>
			<xmax>256</xmax>
			<ymin>281</ymin>
			<ymax>570</ymax>
		</bndbox>
	</object>
</annotation>
