<annotation>
	<folder></folder>
	<filename>00005567_025_png.rf.0b8d8d08d8273bfa3dc91bab26fa77e1.jpg</filename>
	<path>00005567_025_png.rf.0b8d8d08d8273bfa3dc91bab26fa77e1.jpg</path>
	<source>
		<database>roboflow.com</database>
	</source>
	<size>
		<width>1024</width>
		<height>1024</height>
		<depth>3</depth>
	</size>
	<segmented>0</segmented>
	<object>
		<name>nopneumonia</name>
		<pose>Unspecified</pose>
		<truncated>0</truncated>
		<difficult>0</difficult>
		<occluded>0</occluded>
		<bndbox>
			<xmin>233</xmin>
			<xmax>345</xmax>
			<ymin>319</ymin>
			<ymax>619</ymax>
		</bndbox>
	</object>
	<object>
		<name>nopneumonia</name>
		<pose>Unspecified</pose>
		<truncated>0</truncated>
		<difficult>0</difficult>
		<occluded>0</occluded>
		<bndbox>
			<xmin>761</xmin>
			<xmax>880</xmax>
			<ymin>295</ymin>
			<ymax>524</ymax>
		</bndbox>
	</object>
</annotation>
