<annotation>
	<folder></folder>
	<filename>00007735_018_png.rf.cbc5999cfe81ea5ba0d1673389a66c20.jpg</filename>
	<path>00007735_018_png.rf.cbc5999cfe81ea5ba0d1673389a66c20.jpg</path>
	<source>
		<database>roboflow.com</database>
	</source>
	<size>
		<width>1024</width>
		<height>1024</height>
		<depth>3</depth>
	</size>
	<segmented>0</segmented>
	<object>
		<name>pneumonia</name>
		<pose>Unspecified</pose>
		<truncated>0</truncated>
		<difficult>0</difficult>
		<occluded>0</occluded>
		<bndbox>
			<xmin>175</xmin>
			<xmax>324</xmax>
			<ymin>386</ymin>
			<ymax>516</ymax>
		</bndbox>
	</object>
	<object>
		<name>nopneumonia</name>
		<pose>Unspecified</pose>
		<truncated>0</truncated>
		<difficult>0</difficult>
		<occluded>0</occluded>
		<bndbox>
			<xmin>649</xmin>
			<xmax>763</xmax>
			<ymin>325</ymin>
			<ymax>563</ymax>
		</bndbox>
	</object>
</annotation>
