<annotation>
	<folder></folder>
	<filename>00003211_000_png.rf.57811ae264db85615f05473463de3242.jpg</filename>
	<path>00003211_000_png.rf.57811ae264db85615f05473463de3242.jpg</path>
	<source>
		<database>roboflow.com</database>
	</source>
	<size>
		<width>1024</width>
		<height>1024</height>
		<depth>3</depth>
	</size>
	<segmented>0</segmented>
	<object>
		<name>nopneumonia</name>
		<pose>Unspecified</pose>
		<truncated>0</truncated>
		<difficult>0</difficult>
		<occluded>0</occluded>
		<bndbox>
			<xmin>169</xmin>
			<xmax>310</xmax>
			<ymin>233</ymin>
			<ymax>698</ymax>
		</bndbox>
	</object>
	<object>
		<name>nopneumonia</name>
		<pose>Unspecified</pose>
		<truncated>0</truncated>
		<difficult>0</difficult>
		<occluded>0</occluded>
		<bndbox>
			<xmin>654</xmin>
			<xmax>771</xmax>
			<ymin>264</ymin>
			<ymax>714</ymax>
		</bndbox>
	</object>
</annotation>
