<annotation>
	<folder></folder>
	<filename>00009863_058_png.rf.d3b3a17726df2f30dccbd9d3dcd71be7.jpg</filename>
	<path>00009863_058_png.rf.d3b3a17726df2f30dccbd9d3dcd71be7.jpg</path>
	<source>
		<database>roboflow.com</database>
	</source>
	<size>
		<width>1024</width>
		<height>1024</height>
		<depth>3</depth>
	</size>
	<segmented>0</segmented>
	<object>
		<name>pneumonia</name>
		<pose>Unspecified</pose>
		<truncated>0</truncated>
		<difficult>0</difficult>
		<occluded>0</occluded>
		<bndbox>
			<xmin>322</xmin>
			<xmax>469</xmax>
			<ymin>263</ymin>
			<ymax>579</ymax>
		</bndbox>
	</object>
	<object>
		<name>pneumonia</name>
		<pose>Unspecified</pose>
		<truncated>0</truncated>
		<difficult>0</difficult>
		<occluded>0</occluded>
		<bndbox>
			<xmin>739</xmin>
			<xmax>880</xmax>
			<ymin>319</ymin>
			<ymax>582</ymax>
		</bndbox>
	</object>
</annotation>
