<annotation>
	<folder></folder>
	<filename>00001837_002_png.rf.bab9316f305791315ad12170c8799eeb.jpg</filename>
	<path>00001837_002_png.rf.bab9316f305791315ad12170c8799eeb.jpg</path>
	<source>
		<database>roboflow.com</database>
	</source>
	<size>
		<width>1024</width>
		<height>1024</height>
		<depth>3</depth>
	</size>
	<segmented>0</segmented>
	<object>
		<name>nopneumonia</name>
		<pose>Unspecified</pose>
		<truncated>0</truncated>
		<difficult>0</difficult>
		<occluded>0</occluded>
		<bndbox>
			<xmin>161</xmin>
			<xmax>308</xmax>
			<ymin>242</ymin>
			<ymax>686</ymax>
		</bndbox>
	</object>
	<object>
		<name>nopneumonia</name>
		<pose>Unspecified</pose>
		<truncated>0</truncated>
		<difficult>0</difficult>
		<occluded>0</occluded>
		<bndbox>
			<xmin>736</xmin>
			<xmax>863</xmax>
			<ymin>282</ymin>
			<ymax>737</ymax>
		</bndbox>
	</object>
</annotation>
