<annotation>
	<folder></folder>
	<filename>00002288_004_png.rf.5a7ce999e17ac9445e4aa5420e938563.jpg</filename>
	<path>00002288_004_png.rf.5a7ce999e17ac9445e4aa5420e938563.jpg</path>
	<source>
		<database>roboflow.com</database>
	</source>
	<size>
		<width>1024</width>
		<height>1024</height>
		<depth>3</depth>
	</size>
	<segmented>0</segmented>
	<object>
		<name>pneumonia</name>
		<pose>Unspecified</pose>
		<truncated>0</truncated>
		<difficult>0</difficult>
		<occluded>0</occluded>
		<bndbox>
			<xmin>209</xmin>
			<xmax>345</xmax>
			<ymin>617</ymin>
			<ymax>873</ymax>
		</bndbox>
	</object>
	<object>
		<name>nopneumonia</name>
		<pose>Unspecified</pose>
		<truncated>0</truncated>
		<difficult>0</difficult>
		<occluded>0</occluded>
		<bndbox>
			<xmin>667</xmin>
			<xmax>834</xmax>
			<ymin>427</ymin>
			<ymax>642</ymax>
		</bndbox>
	</object>
</annotation>
