<annotation>
	<folder></folder>
	<filename>00001021_000_png.rf.dc7821f6d00a5b4167b73f03a24a2b2e.jpg</filename>
	<path>00001021_000_png.rf.dc7821f6d00a5b4167b73f03a24a2b2e.jpg</path>
	<source>
		<database>roboflow.com</database>
	</source>
	<size>
		<width>1024</width>
		<height>1024</height>
		<depth>3</depth>
	</size>
	<segmented>0</segmented>
	<object>
		<name>nopneumonia</name>
		<pose>Unspecified</pose>
		<truncated>0</truncated>
		<difficult>0</difficult>
		<occluded>0</occluded>
		<bndbox>
			<xmin>205</xmin>
			<xmax>330</xmax>
			<ymin>285</ymin>
			<ymax>573</ymax>
		</bndbox>
	</object>
	<object>
		<name>nopneumonia</name>
		<pose>Unspecified</pose>
		<truncated>0</truncated>
		<difficult>0</difficult>
		<occluded>0</occluded>
		<bndbox>
			<xmin>706</xmin>
			<xmax>815</xmax>
			<ymin>284</ymin>
			<ymax>588</ymax>
		</bndbox>
	</object>
</annotation>
