<annotation>
	<folder></folder>
	<filename>00006966_004_png.rf.f93499a6082d2b2db532a1845ac1f1e4.jpg</filename>
	<path>00006966_004_png.rf.f93499a6082d2b2db532a1845ac1f1e4.jpg</path>
	<source>
		<database>roboflow.com</database>
	</source>
	<size>
		<width>1024</width>
		<height>1024</height>
		<depth>3</depth>
	</size>
	<segmented>0</segmented>
	<object>
		<name>nopneumonia</name>
		<pose>Unspecified</pose>
		<truncated>0</truncated>
		<difficult>0</difficult>
		<occluded>0</occluded>
		<bndbox>
			<xmin>268</xmin>
			<xmax>355</xmax>
			<ymin>243</ymin>
			<ymax>534</ymax>
		</bndbox>
	</object>
	<object>
		<name>nopneumonia</name>
		<pose>Unspecified</pose>
		<truncated>0</truncated>
		<difficult>0</difficult>
		<occluded>0</occluded>
		<bndbox>
			<xmin>709</xmin>
			<xmax>845</xmax>
			<ymin>235</ymin>
			<ymax>528</ymax>
		</bndbox>
	</object>
</annotation>
