<annotation>
	<folder></folder>
	<filename>00000193_019_png.rf.c673304adb5825b5d5fe927b4f1efeba.jpg</filename>
	<path>00000193_019_png.rf.c673304adb5825b5d5fe927b4f1efeba.jpg</path>
	<source>
		<database>roboflow.com</database>
	</source>
	<size>
		<width>1024</width>
		<height>1024</height>
		<depth>3</depth>
	</size>
	<segmented>0</segmented>
	<object>
		<name>pneumonia</name>
		<pose>Unspecified</pose>
		<truncated>0</truncated>
		<difficult>0</difficult>
		<occluded>0</occluded>
		<bndbox>
			<xmin>345</xmin>
			<xmax>493</xmax>
			<ymin>439</ymin>
			<ymax>771</ymax>
		</bndbox>
	</object>
	<object>
		<name>pneumonia</name>
		<pose>Unspecified</pose>
		<truncated>0</truncated>
		<difficult>0</difficult>
		<occluded>0</occluded>
		<bndbox>
			<xmin>781</xmin>
			<xmax>919</xmax>
			<ymin>385</ymin>
			<ymax>621</ymax>
		</bndbox>
	</object>
</annotation>
