<annotation>
	<folder></folder>
	<filename>00001855_008_png.rf.4cfd24785ac41cacfb09567a98cea73b.jpg</filename>
	<path>00001855_008_png.rf.4cfd24785ac41cacfb09567a98cea73b.jpg</path>
	<source>
		<database>roboflow.com</database>
	</source>
	<size>
		<width>1024</width>
		<height>1024</height>
		<depth>3</depth>
	</size>
	<segmented>0</segmented>
	<object>
		<name>nopneumonia</name>
		<pose>Unspecified</pose>
		<truncated>0</truncated>
		<difficult>0</difficult>
		<occluded>0</occluded>
		<bndbox>
			<xmin>282</xmin>
			<xmax>371</xmax>
			<ymin>323</ymin>
			<ymax>473</ymax>
		</bndbox>
	</object>
	<object>
		<name>nopneumonia</name>
		<pose>Unspecified</pose>
		<truncated>0</truncated>
		<difficult>0</difficult>
		<occluded>0</occluded>
		<bndbox>
			<xmin>657</xmin>
			<xmax>714</xmax>
			<ymin>336</ymin>
			<ymax>491</ymax>
		</bndbox>
	</object>
</annotation>
