<annotation>
	<folder></folder>
	<filename>00003053_007_png.rf.0572dcc9efa4de9a9a6ee0eb315b0f33.jpg</filename>
	<path>00003053_007_png.rf.0572dcc9efa4de9a9a6ee0eb315b0f33.jpg</path>
	<source>
		<database>roboflow.com</database>
	</source>
	<size>
		<width>1024</width>
		<height>1024</height>
		<depth>3</depth>
	</size>
	<segmented>0</segmented>
	<object>
		<name>pneumonia</name>
		<pose>Unspecified</pose>
		<truncated>0</truncated>
		<difficult>0</difficult>
		<occluded>0</occluded>
		<bndbox>
			<xmin>741</xmin>
			<xmax>851</xmax>
			<ymin>639</ymin>
			<ymax>815</ymax>
		</bndbox>
	</object>
	<object>
		<name>pneumonia</name>
		<pose>Unspecified</pose>
		<truncated>0</truncated>
		<difficult>0</difficult>
		<occluded>0</occluded>
		<bndbox>
			<xmin>293</xmin>
			<xmax>403</xmax>
			<ymin>301</ymin>
			<ymax>547</ymax>
		</bndbox>
	</object>
	<object>
		<name>pneumonia</name>
		<pose>Unspecified</pose>
		<truncated>0</truncated>
		<difficult>0</difficult>
		<occluded>0</occluded>
		<bndbox>
			<xmin>245</xmin>
			<xmax>396</xmax>
			<ymin>661</ymin>
			<ymax>845</ymax>
		</bndbox>
	</object>
	<object>
		<name>nopneumonia</name>
		<pose>Unspecified</pose>
		<truncated>0</truncated>
		<difficult>0</difficult>
		<occluded>0</occluded>
		<bndbox>
			<xmin>689</xmin>
			<xmax>804</xmax>
			<ymin>263</ymin>
			<ymax>543</ymax>
		</bndbox>
	</object>
</annotation>
