<annotation>
	<folder></folder>
	<filename>00000061_015_png.rf.d92c133b81304bc401883fd38f85a285.jpg</filename>
	<path>00000061_015_png.rf.d92c133b81304bc401883fd38f85a285.jpg</path>
	<source>
		<database>roboflow.com</database>
	</source>
	<size>
		<width>1024</width>
		<height>1024</height>
		<depth>3</depth>
	</size>
	<segmented>0</segmented>
	<object>
		<name>pneumonia</name>
		<pose>Unspecified</pose>
		<truncated>0</truncated>
		<difficult>0</difficult>
		<occluded>0</occluded>
		<bndbox>
			<xmin>195</xmin>
			<xmax>404</xmax>
			<ymin>455</ymin>
			<ymax>678</ymax>
		</bndbox>
	</object>
	<object>
		<name>pneumonia</name>
		<pose>Unspecified</pose>
		<truncated>0</truncated>
		<difficult>0</difficult>
		<occluded>0</occluded>
		<bndbox>
			<xmin>697</xmin>
			<xmax>846</xmax>
			<ymin>431</ymin>
			<ymax>633</ymax>
		</bndbox>
	</object>
</annotation>
