<annotation>
	<folder></folder>
	<filename>00001992_002_png.rf.2e130466d822c26e5bfaf76c58156e8f.jpg</filename>
	<path>00001992_002_png.rf.2e130466d822c26e5bfaf76c58156e8f.jpg</path>
	<source>
		<database>roboflow.com</database>
	</source>
	<size>
		<width>1024</width>
		<height>1024</height>
		<depth>3</depth>
	</size>
	<segmented>0</segmented>
	<object>
		<name>pneumonia</name>
		<pose>Unspecified</pose>
		<truncated>0</truncated>
		<difficult>0</difficult>
		<occluded>0</occluded>
		<bndbox>
			<xmin>287</xmin>
			<xmax>406</xmax>
			<ymin>383</ymin>
			<ymax>559</ymax>
		</bndbox>
	</object>
	<object>
		<name>pneumonia</name>
		<pose>Unspecified</pose>
		<truncated>0</truncated>
		<difficult>0</difficult>
		<occluded>0</occluded>
		<bndbox>
			<xmin>748</xmin>
			<xmax>819</xmax>
			<ymin>501</ymin>
			<ymax>646</ymax>
		</bndbox>
	</object>
</annotation>
