<annotation>
	<folder></folder>
	<filename>00001946_024_png.rf.1084f0f362196cb4c4dea136806fbe0f.jpg</filename>
	<path>00001946_024_png.rf.1084f0f362196cb4c4dea136806fbe0f.jpg</path>
	<source>
		<database>roboflow.com</database>
	</source>
	<size>
		<width>1024</width>
		<height>1024</height>
		<depth>3</depth>
	</size>
	<segmented>0</segmented>
	<object>
		<name>pneumonia</name>
		<pose>Unspecified</pose>
		<truncated>0</truncated>
		<difficult>0</difficult>
		<occluded>0</occluded>
		<bndbox>
			<xmin>702</xmin>
			<xmax>811</xmax>
			<ymin>347</ymin>
			<ymax>723</ymax>
		</bndbox>
	</object>
	<object>
		<name>pneumonia</name>
		<pose>Unspecified</pose>
		<truncated>0</truncated>
		<difficult>0</difficult>
		<occluded>0</occluded>
		<bndbox>
			<xmin>269</xmin>
			<xmax>378</xmax>
			<ymin>587</ymin>
			<ymax>734</ymax>
		</bndbox>
	</object>
</annotation>
