<annotation>
	<folder></folder>
	<filename>00003950_002_png.rf.1c1750c1337968bb5cacb5bf51fbdc82.jpg</filename>
	<path>00003950_002_png.rf.1c1750c1337968bb5cacb5bf51fbdc82.jpg</path>
	<source>
		<database>roboflow.com</database>
	</source>
	<size>
		<width>1024</width>
		<height>1024</height>
		<depth>3</depth>
	</size>
	<segmented>0</segmented>
	<object>
		<name>pneumonia</name>
		<pose>Unspecified</pose>
		<truncated>0</truncated>
		<difficult>0</difficult>
		<occluded>0</occluded>
		<bndbox>
			<xmin>293</xmin>
			<xmax>422</xmax>
			<ymin>541</ymin>
			<ymax>781</ymax>
		</bndbox>
	</object>
	<object>
		<name>pneumonia</name>
		<pose>Unspecified</pose>
		<truncated>0</truncated>
		<difficult>0</difficult>
		<occluded>0</occluded>
		<bndbox>
			<xmin>760</xmin>
			<xmax>876</xmax>
			<ymin>610</ymin>
			<ymax>774</ymax>
		</bndbox>
	</object>
</annotation>
