<annotation>
	<folder></folder>
	<filename>00000499_008_png.rf.75cd3d689129cca2fb797038fe493f60.jpg</filename>
	<path>00000499_008_png.rf.75cd3d689129cca2fb797038fe493f60.jpg</path>
	<source>
		<database>roboflow.com</database>
	</source>
	<size>
		<width>1024</width>
		<height>1024</height>
		<depth>3</depth>
	</size>
	<segmented>0</segmented>
	<object>
		<name>pneumonia</name>
		<pose>Unspecified</pose>
		<truncated>0</truncated>
		<difficult>0</difficult>
		<occluded>0</occluded>
		<bndbox>
			<xmin>169</xmin>
			<xmax>308</xmax>
			<ymin>571</ymin>
			<ymax>653</ymax>
		</bndbox>
	</object>
	<object>
		<name>pneumonia</name>
		<pose>Unspecified</pose>
		<truncated>0</truncated>
		<difficult>0</difficult>
		<occluded>0</occluded>
		<bndbox>
			<xmin>719</xmin>
			<xmax>829</xmax>
			<ymin>403</ymin>
			<ymax>479</ymax>
		</bndbox>
	</object>
	<object>
		<name>pneumonia</name>
		<pose>Unspecified</pose>
		<truncated>0</truncated>
		<difficult>0</difficult>
		<occluded>0</occluded>
		<bndbox>
			<xmin>773</xmin>
			<xmax>877</xmax>
			<ymin>585</ymin>
			<ymax>664</ymax>
		</bndbox>
	</object>
</annotation>
