<annotation>
	<folder></folder>
	<filename>00003248_007_png.rf.f16deea35852d77be54943867cd976c4.jpg</filename>
	<path>00003248_007_png.rf.f16deea35852d77be54943867cd976c4.jpg</path>
	<source>
		<database>roboflow.com</database>
	</source>
	<size>
		<width>1024</width>
		<height>1024</height>
		<depth>3</depth>
	</size>
	<segmented>0</segmented>
	<object>
		<name>nopneumonia</name>
		<pose>Unspecified</pose>
		<truncated>0</truncated>
		<difficult>0</difficult>
		<occluded>0</occluded>
		<bndbox>
			<xmin>200</xmin>
			<xmax>329</xmax>
			<ymin>258</ymin>
			<ymax>652</ymax>
		</bndbox>
	</object>
	<object>
		<name>nopneumonia</name>
		<pose>Unspecified</pose>
		<truncated>0</truncated>
		<difficult>0</difficult>
		<occluded>0</occluded>
		<bndbox>
			<xmin>668</xmin>
			<xmax>774</xmax>
			<ymin>265</ymin>
			<ymax>487</ymax>
		</bndbox>
	</object>
</annotation>
