<annotation>
	<folder></folder>
	<filename>00005638_000_png.rf.491ccd483127383e412f8c55a3835404.jpg</filename>
	<path>00005638_000_png.rf.491ccd483127383e412f8c55a3835404.jpg</path>
	<source>
		<database>roboflow.com</database>
	</source>
	<size>
		<width>1024</width>
		<height>1024</height>
		<depth>3</depth>
	</size>
	<segmented>0</segmented>
	<object>
		<name>pneumonia</name>
		<pose>Unspecified</pose>
		<truncated>0</truncated>
		<difficult>0</difficult>
		<occluded>0</occluded>
		<bndbox>
			<xmin>179</xmin>
			<xmax>332</xmax>
			<ymin>691</ymin>
			<ymax>786</ymax>
		</bndbox>
	</object>
	<object>
		<name>nopneumonia</name>
		<pose>Unspecified</pose>
		<truncated>0</truncated>
		<difficult>0</difficult>
		<occluded>0</occluded>
		<bndbox>
			<xmin>259</xmin>
			<xmax>357</xmax>
			<ymin>305</ymin>
			<ymax>610</ymax>
		</bndbox>
	</object>
	<object>
		<name>nopneumonia</name>
		<pose>Unspecified</pose>
		<truncated>0</truncated>
		<difficult>0</difficult>
		<occluded>0</occluded>
		<bndbox>
			<xmin>693</xmin>
			<xmax>832</xmax>
			<ymin>273</ymin>
			<ymax>708</ymax>
		</bndbox>
	</object>
</annotation>
