<annotation>
	<folder></folder>
	<filename>00001162_000_png.rf.eeb234c7cf969095bbc109371ddf1216.jpg</filename>
	<path>00001162_000_png.rf.eeb234c7cf969095bbc109371ddf1216.jpg</path>
	<source>
		<database>roboflow.com</database>
	</source>
	<size>
		<width>1024</width>
		<height>1024</height>
		<depth>3</depth>
	</size>
	<segmented>0</segmented>
	<object>
		<name>pneumonia</name>
		<pose>Unspecified</pose>
		<truncated>0</truncated>
		<difficult>0</difficult>
		<occluded>0</occluded>
		<bndbox>
			<xmin>145</xmin>
			<xmax>303</xmax>
			<ymin>595</ymin>
			<ymax>692</ymax>
		</bndbox>
	</object>
	<object>
		<name>pneumonia</name>
		<pose>Unspecified</pose>
		<truncated>0</truncated>
		<difficult>0</difficult>
		<occluded>0</occluded>
		<bndbox>
			<xmin>703</xmin>
			<xmax>846</xmax>
			<ymin>545</ymin>
			<ymax>652</ymax>
		</bndbox>
	</object>
	<object>
		<name>nopneumonia</name>
		<pose>Unspecified</pose>
		<truncated>0</truncated>
		<difficult>0</difficult>
		<occluded>0</occluded>
		<bndbox>
			<xmin>687</xmin>
			<xmax>815</xmax>
			<ymin>359</ymin>
			<ymax>493</ymax>
		</bndbox>
	</object>
</annotation>
