<annotation>
	<folder></folder>
	<filename>00000310_001_png.rf.14de55286a03c66beaf29a6281d45c00.jpg</filename>
	<path>00000310_001_png.rf.14de55286a03c66beaf29a6281d45c00.jpg</path>
	<source>
		<database>roboflow.com</database>
	</source>
	<size>
		<width>1024</width>
		<height>1024</height>
		<depth>3</depth>
	</size>
	<segmented>0</segmented>
	<object>
		<name>pneumonia</name>
		<pose>Unspecified</pose>
		<truncated>0</truncated>
		<difficult>0</difficult>
		<occluded>0</occluded>
		<bndbox>
			<xmin>257</xmin>
			<xmax>405</xmax>
			<ymin>303</ymin>
			<ymax>591</ymax>
		</bndbox>
	</object>
	<object>
		<name>pneumonia</name>
		<pose>Unspecified</pose>
		<truncated>0</truncated>
		<difficult>0</difficult>
		<occluded>0</occluded>
		<bndbox>
			<xmin>731</xmin>
			<xmax>838</xmax>
			<ymin>317</ymin>
			<ymax>480</ymax>
		</bndbox>
	</object>
</annotation>
