<annotation>
	<folder></folder>
	<filename>00003510_009_png.rf.89cf4ff60edb68c4d3f9925cab971248.jpg</filename>
	<path>00003510_009_png.rf.89cf4ff60edb68c4d3f9925cab971248.jpg</path>
	<source>
		<database>roboflow.com</database>
	</source>
	<size>
		<width>1024</width>
		<height>1024</height>
		<depth>3</depth>
	</size>
	<segmented>0</segmented>
	<object>
		<name>pneumonia</name>
		<pose>Unspecified</pose>
		<truncated>0</truncated>
		<difficult>0</difficult>
		<occluded>0</occluded>
		<bndbox>
			<xmin>242</xmin>
			<xmax>358</xmax>
			<ymin>334</ymin>
			<ymax>655</ymax>
		</bndbox>
	</object>
	<object>
		<name>pneumonia</name>
		<pose>Unspecified</pose>
		<truncated>0</truncated>
		<difficult>0</difficult>
		<occluded>0</occluded>
		<bndbox>
			<xmin>660</xmin>
			<xmax>792</xmax>
			<ymin>348</ymin>
			<ymax>634</ymax>
		</bndbox>
	</object>
</annotation>
