<annotation>
	<folder></folder>
	<filename>00005567_017_png.rf.f90e3f2f2df9e08f410891670afe0f9a.jpg</filename>
	<path>00005567_017_png.rf.f90e3f2f2df9e08f410891670afe0f9a.jpg</path>
	<source>
		<database>roboflow.com</database>
	</source>
	<size>
		<width>1024</width>
		<height>1024</height>
		<depth>3</depth>
	</size>
	<segmented>0</segmented>
	<object>
		<name>nopneumonia</name>
		<pose>Unspecified</pose>
		<truncated>0</truncated>
		<difficult>0</difficult>
		<occluded>0</occluded>
		<bndbox>
			<xmin>293</xmin>
			<xmax>396</xmax>
			<ymin>315</ymin>
			<ymax>587</ymax>
		</bndbox>
	</object>
	<object>
		<name>nopneumonia</name>
		<pose>Unspecified</pose>
		<truncated>0</truncated>
		<difficult>0</difficult>
		<occluded>0</occluded>
		<bndbox>
			<xmin>746</xmin>
			<xmax>846</xmax>
			<ymin>261</ymin>
			<ymax>553</ymax>
		</bndbox>
	</object>
</annotation>
