<annotation>
	<folder></folder>
	<filename>00006985_002_png.rf.5cad37f2cda2988b2dc8e9a8610664a9.jpg</filename>
	<path>00006985_002_png.rf.5cad37f2cda2988b2dc8e9a8610664a9.jpg</path>
	<source>
		<database>roboflow.com</database>
	</source>
	<size>
		<width>1024</width>
		<height>1024</height>
		<depth>3</depth>
	</size>
	<segmented>0</segmented>
	<object>
		<name>nopneumonia</name>
		<pose>Unspecified</pose>
		<truncated>0</truncated>
		<difficult>0</difficult>
		<occluded>0</occluded>
		<bndbox>
			<xmin>289</xmin>
			<xmax>401</xmax>
			<ymin>211</ymin>
			<ymax>610</ymax>
		</bndbox>
	</object>
	<object>
		<name>nopneumonia</name>
		<pose>Unspecified</pose>
		<truncated>0</truncated>
		<difficult>0</difficult>
		<occluded>0</occluded>
		<bndbox>
			<xmin>692</xmin>
			<xmax>806</xmax>
			<ymin>183</ymin>
			<ymax>547</ymax>
		</bndbox>
	</object>
</annotation>
