<annotation>
	<folder></folder>
	<filename>00005892_001_png.rf.c0b2ec7c9307b53e1f18e3265ab64f93.jpg</filename>
	<path>00005892_001_png.rf.c0b2ec7c9307b53e1f18e3265ab64f93.jpg</path>
	<source>
		<database>roboflow.com</database>
	</source>
	<size>
		<width>1024</width>
		<height>1024</height>
		<depth>3</depth>
	</size>
	<segmented>0</segmented>
	<object>
		<name>nopneumonia</name>
		<pose>Unspecified</pose>
		<truncated>0</truncated>
		<difficult>0</difficult>
		<occluded>0</occluded>
		<bndbox>
			<xmin>215</xmin>
			<xmax>332</xmax>
			<ymin>283</ymin>
			<ymax>697</ymax>
		</bndbox>
	</object>
	<object>
		<name>nopneumonia</name>
		<pose>Unspecified</pose>
		<truncated>0</truncated>
		<difficult>0</difficult>
		<occluded>0</occluded>
		<bndbox>
			<xmin>641</xmin>
			<xmax>757</xmax>
			<ymin>251</ymin>
			<ymax>566</ymax>
		</bndbox>
	</object>
</annotation>
