<annotation>
	<folder></folder>
	<filename>00006997_000_png.rf.3c24908f82e848170bc346c69637c2ef.jpg</filename>
	<path>00006997_000_png.rf.3c24908f82e848170bc346c69637c2ef.jpg</path>
	<source>
		<database>roboflow.com</database>
	</source>
	<size>
		<width>1024</width>
		<height>1024</height>
		<depth>3</depth>
	</size>
	<segmented>0</segmented>
	<object>
		<name>pneumonia</name>
		<pose>Unspecified</pose>
		<truncated>0</truncated>
		<difficult>0</difficult>
		<occluded>0</occluded>
		<bndbox>
			<xmin>206</xmin>
			<xmax>312</xmax>
			<ymin>286</ymin>
			<ymax>553</ymax>
		</bndbox>
	</object>
	<object>
		<name>pneumonia</name>
		<pose>Unspecified</pose>
		<truncated>0</truncated>
		<difficult>0</difficult>
		<occluded>0</occluded>
		<bndbox>
			<xmin>627</xmin>
			<xmax>795</xmax>
			<ymin>240</ymin>
			<ymax>383</ymax>
		</bndbox>
	</object>
</annotation>
