<annotation>
	<folder></folder>
	<filename>00006759_001_png.rf.2625b0c97524d8bbec73c08181896452.jpg</filename>
	<path>00006759_001_png.rf.2625b0c97524d8bbec73c08181896452.jpg</path>
	<source>
		<database>roboflow.com</database>
	</source>
	<size>
		<width>1024</width>
		<height>1024</height>
		<depth>3</depth>
	</size>
	<segmented>0</segmented>
	<object>
		<name>pneumonia</name>
		<pose>Unspecified</pose>
		<truncated>0</truncated>
		<difficult>0</difficult>
		<occluded>0</occluded>
		<bndbox>
			<xmin>161</xmin>
			<xmax>307</xmax>
			<ymin>491</ymin>
			<ymax>674</ymax>
		</bndbox>
	</object>
	<object>
		<name>nopneumonia</name>
		<pose>Unspecified</pose>
		<truncated>0</truncated>
		<difficult>0</difficult>
		<occluded>0</occluded>
		<bndbox>
			<xmin>697</xmin>
			<xmax>821</xmax>
			<ymin>273</ymin>
			<ymax>622</ymax>
		</bndbox>
	</object>
</annotation>
