<annotation>
	<folder></folder>
	<filename>00009323_005_png.rf.6a4f791ba00f138da2ae5c473d380bf4.jpg</filename>
	<path>00009323_005_png.rf.6a4f791ba00f138da2ae5c473d380bf4.jpg</path>
	<source>
		<database>roboflow.com</database>
	</source>
	<size>
		<width>1024</width>
		<height>1024</height>
		<depth>3</depth>
	</size>
	<segmented>0</segmented>
	<object>
		<name>nopneumonia</name>
		<pose>Unspecified</pose>
		<truncated>0</truncated>
		<difficult>0</difficult>
		<occluded>0</occluded>
		<bndbox>
			<xmin>295</xmin>
			<xmax>397</xmax>
			<ymin>285</ymin>
			<ymax>605</ymax>
		</bndbox>
	</object>
	<object>
		<name>nopneumonia</name>
		<pose>Unspecified</pose>
		<truncated>0</truncated>
		<difficult>0</difficult>
		<occluded>0</occluded>
		<bndbox>
			<xmin>673</xmin>
			<xmax>790</xmax>
			<ymin>285</ymin>
			<ymax>483</ymax>
		</bndbox>
	</object>
</annotation>
