<annotation>
	<folder></folder>
	<filename>00001582_019_png.rf.345afda9ed024a074b3ea19ae262c5e4.jpg</filename>
	<path>00001582_019_png.rf.345afda9ed024a074b3ea19ae262c5e4.jpg</path>
	<source>
		<database>roboflow.com</database>
	</source>
	<size>
		<width>1024</width>
		<height>1024</height>
		<depth>3</depth>
	</size>
	<segmented>0</segmented>
	<object>
		<name>nopneumonia</name>
		<pose>Unspecified</pose>
		<truncated>0</truncated>
		<difficult>0</difficult>
		<occluded>0</occluded>
		<bndbox>
			<xmin>313</xmin>
			<xmax>449</xmax>
			<ymin>210</ymin>
			<ymax>708</ymax>
		</bndbox>
	</object>
	<object>
		<name>nopneumonia</name>
		<pose>Unspecified</pose>
		<truncated>0</truncated>
		<difficult>0</difficult>
		<occluded>0</occluded>
		<bndbox>
			<xmin>745</xmin>
			<xmax>849</xmax>
			<ymin>217</ymin>
			<ymax>519</ymax>
		</bndbox>
	</object>
</annotation>
