<annotation>
	<folder></folder>
	<filename>00003528_043_png.rf.9882652788fa17a7fe47a5fdebee5518.jpg</filename>
	<path>00003528_043_png.rf.9882652788fa17a7fe47a5fdebee5518.jpg</path>
	<source>
		<database>roboflow.com</database>
	</source>
	<size>
		<width>1024</width>
		<height>1024</height>
		<depth>3</depth>
	</size>
	<segmented>0</segmented>
	<object>
		<name>pneumonia</name>
		<pose>Unspecified</pose>
		<truncated>0</truncated>
		<difficult>0</difficult>
		<occluded>0</occluded>
		<bndbox>
			<xmin>55</xmin>
			<xmax>235</xmax>
			<ymin>461</ymin>
			<ymax>631</ymax>
		</bndbox>
	</object>
	<object>
		<name>pneumonia</name>
		<pose>Unspecified</pose>
		<truncated>0</truncated>
		<difficult>0</difficult>
		<occluded>0</occluded>
		<bndbox>
			<xmin>485</xmin>
			<xmax>625</xmax>
			<ymin>221</ymin>
			<ymax>460</ymax>
		</bndbox>
	</object>
</annotation>
