<annotation>
	<folder></folder>
	<filename>00007444_003_png.rf.26e7ff09e84c6d8af6a1cbc63427b3ef.jpg</filename>
	<path>00007444_003_png.rf.26e7ff09e84c6d8af6a1cbc63427b3ef.jpg</path>
	<source>
		<database>roboflow.com</database>
	</source>
	<size>
		<width>1024</width>
		<height>1024</height>
		<depth>3</depth>
	</size>
	<segmented>0</segmented>
	<object>
		<name>pneumonia</name>
		<pose>Unspecified</pose>
		<truncated>0</truncated>
		<difficult>0</difficult>
		<occluded>0</occluded>
		<bndbox>
			<xmin>255</xmin>
			<xmax>370</xmax>
			<ymin>233</ymin>
			<ymax>350</ymax>
		</bndbox>
	</object>
	<object>
		<name>nopneumonia</name>
		<pose>Unspecified</pose>
		<truncated>0</truncated>
		<difficult>0</difficult>
		<occluded>0</occluded>
		<bndbox>
			<xmin>714</xmin>
			<xmax>856</xmax>
			<ymin>257</ymin>
			<ymax>563</ymax>
		</bndbox>
	</object>
</annotation>
