<annotation>
	<folder></folder>
	<filename>00002109_000_png.rf.92f45d28a5ebab0719bd498e1cad9384.jpg</filename>
	<path>00002109_000_png.rf.92f45d28a5ebab0719bd498e1cad9384.jpg</path>
	<source>
		<database>roboflow.com</database>
	</source>
	<size>
		<width>1024</width>
		<height>1024</height>
		<depth>3</depth>
	</size>
	<segmented>0</segmented>
	<object>
		<name>nopneumonia</name>
		<pose>Unspecified</pose>
		<truncated>0</truncated>
		<difficult>0</difficult>
		<occluded>0</occluded>
		<bndbox>
			<xmin>295</xmin>
			<xmax>399</xmax>
			<ymin>533</ymin>
			<ymax>755</ymax>
		</bndbox>
	</object>
	<object>
		<name>nopneumonia</name>
		<pose>Unspecified</pose>
		<truncated>0</truncated>
		<difficult>0</difficult>
		<occluded>0</occluded>
		<bndbox>
			<xmin>735</xmin>
			<xmax>844</xmax>
			<ymin>325</ymin>
			<ymax>527</ymax>
		</bndbox>
	</object>
</annotation>
