<annotation>
	<folder></folder>
	<filename>00001529_002_png.rf.55b0d90014939e0b74c04f5f8730914a.jpg</filename>
	<path>00001529_002_png.rf.55b0d90014939e0b74c04f5f8730914a.jpg</path>
	<source>
		<database>roboflow.com</database>
	</source>
	<size>
		<width>1024</width>
		<height>1024</height>
		<depth>3</depth>
	</size>
	<segmented>0</segmented>
	<object>
		<name>pneumonia</name>
		<pose>Unspecified</pose>
		<truncated>0</truncated>
		<difficult>0</difficult>
		<occluded>0</occluded>
		<bndbox>
			<xmin>155</xmin>
			<xmax>320</xmax>
			<ymin>365</ymin>
			<ymax>514</ymax>
		</bndbox>
	</object>
	<object>
		<name>nopneumonia</name>
		<pose>Unspecified</pose>
		<truncated>0</truncated>
		<difficult>0</difficult>
		<occluded>0</occluded>
		<bndbox>
			<xmin>619</xmin>
			<xmax>767</xmax>
			<ymin>209</ymin>
			<ymax>439</ymax>
		</bndbox>
	</object>
</annotation>
