<annotation>
	<folder></folder>
	<filename>00000963_007_png.rf.e988b412525a279c5fc3a5352d87d6c8.jpg</filename>
	<path>00000963_007_png.rf.e988b412525a279c5fc3a5352d87d6c8.jpg</path>
	<source>
		<database>roboflow.com</database>
	</source>
	<size>
		<width>1024</width>
		<height>1024</height>
		<depth>3</depth>
	</size>
	<segmented>0</segmented>
	<object>
		<name>pneumonia</name>
		<pose>Unspecified</pose>
		<truncated>0</truncated>
		<difficult>0</difficult>
		<occluded>0</occluded>
		<bndbox>
			<xmin>192</xmin>
			<xmax>351</xmax>
			<ymin>282</ymin>
			<ymax>622</ymax>
		</bndbox>
	</object>
	<object>
		<name>pneumonia</name>
		<pose>Unspecified</pose>
		<truncated>0</truncated>
		<difficult>0</difficult>
		<occluded>0</occluded>
		<bndbox>
			<xmin>735</xmin>
			<xmax>910</xmax>
			<ymin>425</ymin>
			<ymax>656</ymax>
		</bndbox>
	</object>
	<object>
		<name>nopneumonia</name>
		<pose>Unspecified</pose>
		<truncated>0</truncated>
		<difficult>0</difficult>
		<occluded>0</occluded>
		<bndbox>
			<xmin>715</xmin>
			<xmax>852</xmax>
			<ymin>251</ymin>
			<ymax>335</ymax>
		</bndbox>
	</object>
</annotation>
