<annotation>
	<folder></folder>
	<filename>00007191_001_png.rf.298f7a4b1b4e5a211449d8105c974460.jpg</filename>
	<path>00007191_001_png.rf.298f7a4b1b4e5a211449d8105c974460.jpg</path>
	<source>
		<database>roboflow.com</database>
	</source>
	<size>
		<width>1024</width>
		<height>1024</height>
		<depth>3</depth>
	</size>
	<segmented>0</segmented>
	<object>
		<name>nopneumonia</name>
		<pose>Unspecified</pose>
		<truncated>0</truncated>
		<difficult>0</difficult>
		<occluded>0</occluded>
		<bndbox>
			<xmin>191</xmin>
			<xmax>304</xmax>
			<ymin>259</ymin>
			<ymax>689</ymax>
		</bndbox>
	</object>
	<object>
		<name>nopneumonia</name>
		<pose>Unspecified</pose>
		<truncated>0</truncated>
		<difficult>0</difficult>
		<occluded>0</occluded>
		<bndbox>
			<xmin>659</xmin>
			<xmax>803</xmax>
			<ymin>199</ymin>
			<ymax>712</ymax>
		</bndbox>
	</object>
</annotation>
