<annotation>
	<folder></folder>
	<filename>00000893_000_png.rf.24f432cd44d1e815b8bd522f55d94bd6.jpg</filename>
	<path>00000893_000_png.rf.24f432cd44d1e815b8bd522f55d94bd6.jpg</path>
	<source>
		<database>roboflow.com</database>
	</source>
	<size>
		<width>1024</width>
		<height>1024</height>
		<depth>3</depth>
	</size>
	<segmented>0</segmented>
	<object>
		<name>nopneumonia</name>
		<pose>Unspecified</pose>
		<truncated>0</truncated>
		<difficult>0</difficult>
		<occluded>0</occluded>
		<bndbox>
			<xmin>213</xmin>
			<xmax>347</xmax>
			<ymin>317</ymin>
			<ymax>643</ymax>
		</bndbox>
	</object>
	<object>
		<name>nopneumonia</name>
		<pose>Unspecified</pose>
		<truncated>0</truncated>
		<difficult>0</difficult>
		<occluded>0</occluded>
		<bndbox>
			<xmin>665</xmin>
			<xmax>826</xmax>
			<ymin>279</ymin>
			<ymax>479</ymax>
		</bndbox>
	</object>
</annotation>
