<annotation>
	<folder></folder>
	<filename>00005032_000_png.rf.ed7d8ad76dab27dde9e684b33608f7e0.jpg</filename>
	<path>00005032_000_png.rf.ed7d8ad76dab27dde9e684b33608f7e0.jpg</path>
	<source>
		<database>roboflow.com</database>
	</source>
	<size>
		<width>1024</width>
		<height>1024</height>
		<depth>3</depth>
	</size>
	<segmented>0</segmented>
	<object>
		<name>pneumonia</name>
		<pose>Unspecified</pose>
		<truncated>0</truncated>
		<difficult>0</difficult>
		<occluded>0</occluded>
		<bndbox>
			<xmin>186</xmin>
			<xmax>328</xmax>
			<ymin>333</ymin>
			<ymax>505</ymax>
		</bndbox>
	</object>
	<object>
		<name>nopneumonia</name>
		<pose>Unspecified</pose>
		<truncated>0</truncated>
		<difficult>0</difficult>
		<occluded>0</occluded>
		<bndbox>
			<xmin>739</xmin>
			<xmax>890</xmax>
			<ymin>263</ymin>
			<ymax>603</ymax>
		</bndbox>
	</object>
</annotation>
