<annotation>
	<folder></folder>
	<filename>00006296_032_png.rf.178da24801ce6ee1249066863aa54529.jpg</filename>
	<path>00006296_032_png.rf.178da24801ce6ee1249066863aa54529.jpg</path>
	<source>
		<database>roboflow.com</database>
	</source>
	<size>
		<width>1024</width>
		<height>1024</height>
		<depth>3</depth>
	</size>
	<segmented>0</segmented>
	<object>
		<name>pneumonia</name>
		<pose>Unspecified</pose>
		<truncated>0</truncated>
		<difficult>0</difficult>
		<occluded>0</occluded>
		<bndbox>
			<xmin>296</xmin>
			<xmax>449</xmax>
			<ymin>342</ymin>
			<ymax>618</ymax>
		</bndbox>
	</object>
	<object>
		<name>nopneumonia</name>
		<pose>Unspecified</pose>
		<truncated>0</truncated>
		<difficult>0</difficult>
		<occluded>0</occluded>
		<bndbox>
			<xmin>723</xmin>
			<xmax>835</xmax>
			<ymin>375</ymin>
			<ymax>599</ymax>
		</bndbox>
	</object>
</annotation>
