<annotation>
	<folder></folder>
	<filename>00005274_011_png.rf.8801f6953f0614d744d1805a04dd2da1.jpg</filename>
	<path>00005274_011_png.rf.8801f6953f0614d744d1805a04dd2da1.jpg</path>
	<source>
		<database>roboflow.com</database>
	</source>
	<size>
		<width>1024</width>
		<height>1024</height>
		<depth>3</depth>
	</size>
	<segmented>0</segmented>
	<object>
		<name>nopneumonia</name>
		<pose>Unspecified</pose>
		<truncated>0</truncated>
		<difficult>0</difficult>
		<occluded>0</occluded>
		<bndbox>
			<xmin>281</xmin>
			<xmax>381</xmax>
			<ymin>197</ymin>
			<ymax>477</ymax>
		</bndbox>
	</object>
	<object>
		<name>nopneumonia</name>
		<pose>Unspecified</pose>
		<truncated>0</truncated>
		<difficult>0</difficult>
		<occluded>0</occluded>
		<bndbox>
			<xmin>675</xmin>
			<xmax>793</xmax>
			<ymin>225</ymin>
			<ymax>420</ymax>
		</bndbox>
	</object>
</annotation>
