<annotation>
	<folder></folder>
	<filename>00001582_021_png.rf.05a8e2e7f9ca1c6275ce0816678b2ba0.jpg</filename>
	<path>00001582_021_png.rf.05a8e2e7f9ca1c6275ce0816678b2ba0.jpg</path>
	<source>
		<database>roboflow.com</database>
	</source>
	<size>
		<width>1024</width>
		<height>1024</height>
		<depth>3</depth>
	</size>
	<segmented>0</segmented>
	<object>
		<name>pneumonia</name>
		<pose>Unspecified</pose>
		<truncated>0</truncated>
		<difficult>0</difficult>
		<occluded>0</occluded>
		<bndbox>
			<xmin>273</xmin>
			<xmax>410</xmax>
			<ymin>565</ymin>
			<ymax>708</ymax>
		</bndbox>
	</object>
	<object>
		<name>pneumonia</name>
		<pose>Unspecified</pose>
		<truncated>0</truncated>
		<difficult>0</difficult>
		<occluded>0</occluded>
		<bndbox>
			<xmin>681</xmin>
			<xmax>776</xmax>
			<ymin>314</ymin>
			<ymax>424</ymax>
		</bndbox>
	</object>
</annotation>
