<annotation>
	<folder></folder>
	<filename>00000261_002_png.rf.e7afd83a2fadd8c82e346c31292a412d.jpg</filename>
	<path>00000261_002_png.rf.e7afd83a2fadd8c82e346c31292a412d.jpg</path>
	<source>
		<database>roboflow.com</database>
	</source>
	<size>
		<width>1024</width>
		<height>1024</height>
		<depth>3</depth>
	</size>
	<segmented>0</segmented>
	<object>
		<name>pneumonia</name>
		<pose>Unspecified</pose>
		<truncated>0</truncated>
		<difficult>0</difficult>
		<occluded>0</occluded>
		<bndbox>
			<xmin>251</xmin>
			<xmax>420</xmax>
			<ymin>539</ymin>
			<ymax>669</ymax>
		</bndbox>
	</object>
	<object>
		<name>nopneumonia</name>
		<pose>Unspecified</pose>
		<truncated>0</truncated>
		<difficult>0</difficult>
		<occluded>0</occluded>
		<bndbox>
			<xmin>625</xmin>
			<xmax>741</xmax>
			<ymin>259</ymin>
			<ymax>372</ymax>
		</bndbox>
	</object>
</annotation>
