<annotation>
	<folder></folder>
	<filename>00008397_016_png.rf.1cfee739b420d3f48b402a2ef85b71db.jpg</filename>
	<path>00008397_016_png.rf.1cfee739b420d3f48b402a2ef85b71db.jpg</path>
	<source>
		<database>roboflow.com</database>
	</source>
	<size>
		<width>1024</width>
		<height>1024</height>
		<depth>3</depth>
	</size>
	<segmented>0</segmented>
	<object>
		<name>pneumonia</name>
		<pose>Unspecified</pose>
		<truncated>0</truncated>
		<difficult>0</difficult>
		<occluded>0</occluded>
		<bndbox>
			<xmin>246</xmin>
			<xmax>395</xmax>
			<ymin>141</ymin>
			<ymax>760</ymax>
		</bndbox>
	</object>
	<object>
		<name>nopneumonia</name>
		<pose>Unspecified</pose>
		<truncated>0</truncated>
		<difficult>0</difficult>
		<occluded>0</occluded>
		<bndbox>
			<xmin>717</xmin>
			<xmax>862</xmax>
			<ymin>293</ymin>
			<ymax>818</ymax>
		</bndbox>
	</object>
</annotation>
