<annotation>
	<folder></folder>
	<filename>00003510_008_png.rf.3ca34fc711792753b4143b963376131f.jpg</filename>
	<path>00003510_008_png.rf.3ca34fc711792753b4143b963376131f.jpg</path>
	<source>
		<database>roboflow.com</database>
	</source>
	<size>
		<width>1024</width>
		<height>1024</height>
		<depth>3</depth>
	</size>
	<segmented>0</segmented>
	<object>
		<name>pneumonia</name>
		<pose>Unspecified</pose>
		<truncated>0</truncated>
		<difficult>0</difficult>
		<occluded>0</occluded>
		<bndbox>
			<xmin>177</xmin>
			<xmax>321</xmax>
			<ymin>477</ymin>
			<ymax>637</ymax>
		</bndbox>
	</object>
	<object>
		<name>pneumonia</name>
		<pose>Unspecified</pose>
		<truncated>0</truncated>
		<difficult>0</difficult>
		<occluded>0</occluded>
		<bndbox>
			<xmin>602</xmin>
			<xmax>767</xmax>
			<ymin>353</ymin>
			<ymax>547</ymax>
		</bndbox>
	</object>
</annotation>
