<annotation>
	<folder></folder>
	<filename>00005778_001_png.rf.130c6787c57857dc741afb8f9d8439a8.jpg</filename>
	<path>00005778_001_png.rf.130c6787c57857dc741afb8f9d8439a8.jpg</path>
	<source>
		<database>roboflow.com</database>
	</source>
	<size>
		<width>1024</width>
		<height>1024</height>
		<depth>3</depth>
	</size>
	<segmented>0</segmented>
	<object>
		<name>pneumonia</name>
		<pose>Unspecified</pose>
		<truncated>0</truncated>
		<difficult>0</difficult>
		<occluded>0</occluded>
		<bndbox>
			<xmin>260</xmin>
			<xmax>370</xmax>
			<ymin>434</ymin>
			<ymax>606</ymax>
		</bndbox>
	</object>
	<object>
		<name>nopneumonia</name>
		<pose>Unspecified</pose>
		<truncated>0</truncated>
		<difficult>0</difficult>
		<occluded>0</occluded>
		<bndbox>
			<xmin>683</xmin>
			<xmax>787</xmax>
			<ymin>309</ymin>
			<ymax>606</ymax>
		</bndbox>
	</object>
</annotation>
