<annotation>
	<folder></folder>
	<filename>00001182_004_png.rf.6f16f9e4d5398b0d0c7770e382aa1445.jpg</filename>
	<path>00001182_004_png.rf.6f16f9e4d5398b0d0c7770e382aa1445.jpg</path>
	<source>
		<database>roboflow.com</database>
	</source>
	<size>
		<width>1024</width>
		<height>1024</height>
		<depth>3</depth>
	</size>
	<segmented>0</segmented>
	<object>
		<name>nopneumonia</name>
		<pose>Unspecified</pose>
		<truncated>0</truncated>
		<difficult>0</difficult>
		<occluded>0</occluded>
		<bndbox>
			<xmin>649</xmin>
			<xmax>792</xmax>
			<ymin>221</ymin>
			<ymax>433</ymax>
		</bndbox>
	</object>
	<object>
		<name>pneumonia</name>
		<pose>Unspecified</pose>
		<truncated>0</truncated>
		<difficult>0</difficult>
		<occluded>0</occluded>
		<bndbox>
			<xmin>209</xmin>
			<xmax>373</xmax>
			<ymin>353</ymin>
			<ymax>439</ymax>
		</bndbox>
	</object>
</annotation>
