<annotation>
	<folder></folder>
	<filename>00009798_016_png.rf.b74bacaedb33137a720b4b8b87d386fa.jpg</filename>
	<path>00009798_016_png.rf.b74bacaedb33137a720b4b8b87d386fa.jpg</path>
	<source>
		<database>roboflow.com</database>
	</source>
	<size>
		<width>1024</width>
		<height>1024</height>
		<depth>3</depth>
	</size>
	<segmented>0</segmented>
	<object>
		<name>pneumonia</name>
		<pose>Unspecified</pose>
		<truncated>0</truncated>
		<difficult>0</difficult>
		<occluded>0</occluded>
		<bndbox>
			<xmin>205</xmin>
			<xmax>383</xmax>
			<ymin>499</ymin>
			<ymax>611</ymax>
		</bndbox>
	</object>
	<object>
		<name>nopneumonia</name>
		<pose>Unspecified</pose>
		<truncated>0</truncated>
		<difficult>0</difficult>
		<occluded>0</occluded>
		<bndbox>
			<xmin>643</xmin>
			<xmax>801</xmax>
			<ymin>289</ymin>
			<ymax>427</ymax>
		</bndbox>
	</object>
</annotation>
