<annotation>
	<folder></folder>
	<filename>00003973_007_png.rf.4101080cf3241c2e23b83cbe2edc4a1f.jpg</filename>
	<path>00003973_007_png.rf.4101080cf3241c2e23b83cbe2edc4a1f.jpg</path>
	<source>
		<database>roboflow.com</database>
	</source>
	<size>
		<width>1024</width>
		<height>1024</height>
		<depth>3</depth>
	</size>
	<segmented>0</segmented>
	<object>
		<name>pneumonia</name>
		<pose>Unspecified</pose>
		<truncated>0</truncated>
		<difficult>0</difficult>
		<occluded>0</occluded>
		<bndbox>
			<xmin>239</xmin>
			<xmax>385</xmax>
			<ymin>541</ymin>
			<ymax>700</ymax>
		</bndbox>
	</object>
	<object>
		<name>pneumonia</name>
		<pose>Unspecified</pose>
		<truncated>0</truncated>
		<difficult>0</difficult>
		<occluded>0</occluded>
		<bndbox>
			<xmin>677</xmin>
			<xmax>820</xmax>
			<ymin>525</ymin>
			<ymax>646</ymax>
		</bndbox>
	</object>
</annotation>
