<annotation>
	<folder></folder>
	<filename>00001906_004_png.rf.34ee0ce30b0a3104cbd9b8960b320fd4.jpg</filename>
	<path>00001906_004_png.rf.34ee0ce30b0a3104cbd9b8960b320fd4.jpg</path>
	<source>
		<database>roboflow.com</database>
	</source>
	<size>
		<width>1024</width>
		<height>1024</height>
		<depth>3</depth>
	</size>
	<segmented>0</segmented>
	<object>
		<name>nopneumonia</name>
		<pose>Unspecified</pose>
		<truncated>0</truncated>
		<difficult>0</difficult>
		<occluded>0</occluded>
		<bndbox>
			<xmin>229</xmin>
			<xmax>343</xmax>
			<ymin>268</ymin>
			<ymax>701</ymax>
		</bndbox>
	</object>
	<object>
		<name>nopneumonia</name>
		<pose>Unspecified</pose>
		<truncated>0</truncated>
		<difficult>0</difficult>
		<occluded>0</occluded>
		<bndbox>
			<xmin>735</xmin>
			<xmax>864</xmax>
			<ymin>259</ymin>
			<ymax>695</ymax>
		</bndbox>
	</object>
</annotation>
