<annotation>
	<folder></folder>
	<filename>00003535_025_png.rf.51701243ba9d4fb6676b6338e305e6ae.jpg</filename>
	<path>00003535_025_png.rf.51701243ba9d4fb6676b6338e305e6ae.jpg</path>
	<source>
		<database>roboflow.com</database>
	</source>
	<size>
		<width>1024</width>
		<height>1024</height>
		<depth>3</depth>
	</size>
	<segmented>0</segmented>
	<object>
		<name>nopneumonia</name>
		<pose>Unspecified</pose>
		<truncated>0</truncated>
		<difficult>0</difficult>
		<occluded>0</occluded>
		<bndbox>
			<xmin>201</xmin>
			<xmax>326</xmax>
			<ymin>219</ymin>
			<ymax>717</ymax>
		</bndbox>
	</object>
	<object>
		<name>nopneumonia</name>
		<pose>Unspecified</pose>
		<truncated>0</truncated>
		<difficult>0</difficult>
		<occluded>0</occluded>
		<bndbox>
			<xmin>586</xmin>
			<xmax>750</xmax>
			<ymin>232</ymin>
			<ymax>753</ymax>
		</bndbox>
	</object>
</annotation>
