<annotation>
	<folder></folder>
	<filename>00003064_026_png.rf.0bd26ea1979d348b412569f6fbbc0f9a.jpg</filename>
	<path>00003064_026_png.rf.0bd26ea1979d348b412569f6fbbc0f9a.jpg</path>
	<source>
		<database>roboflow.com</database>
	</source>
	<size>
		<width>1024</width>
		<height>1024</height>
		<depth>3</depth>
	</size>
	<segmented>0</segmented>
	<object>
		<name>nopneumonia</name>
		<pose>Unspecified</pose>
		<truncated>0</truncated>
		<difficult>0</difficult>
		<occluded>0</occluded>
		<bndbox>
			<xmin>209</xmin>
			<xmax>322</xmax>
			<ymin>277</ymin>
			<ymax>691</ymax>
		</bndbox>
	</object>
	<object>
		<name>pneumonia</name>
		<pose>Unspecified</pose>
		<truncated>0</truncated>
		<difficult>0</difficult>
		<occluded>0</occluded>
		<bndbox>
			<xmin>695</xmin>
			<xmax>836</xmax>
			<ymin>465</ymin>
			<ymax>656</ymax>
		</bndbox>
	</object>
</annotation>
