<annotation>
	<folder></folder>
	<filename>00003092_000_png.rf.ee2314135a71b782b3ff73d11a8b03c2.jpg</filename>
	<path>00003092_000_png.rf.ee2314135a71b782b3ff73d11a8b03c2.jpg</path>
	<source>
		<database>roboflow.com</database>
	</source>
	<size>
		<width>1024</width>
		<height>1024</height>
		<depth>3</depth>
	</size>
	<segmented>0</segmented>
	<object>
		<name>nopneumonia</name>
		<pose>Unspecified</pose>
		<truncated>0</truncated>
		<difficult>0</difficult>
		<occluded>0</occluded>
		<bndbox>
			<xmin>259</xmin>
			<xmax>375</xmax>
			<ymin>265</ymin>
			<ymax>559</ymax>
		</bndbox>
	</object>
	<object>
		<name>nopneumonia</name>
		<pose>Unspecified</pose>
		<truncated>0</truncated>
		<difficult>0</difficult>
		<occluded>0</occluded>
		<bndbox>
			<xmin>723</xmin>
			<xmax>841</xmax>
			<ymin>245</ymin>
			<ymax>602</ymax>
		</bndbox>
	</object>
</annotation>
