<annotation>
	<folder></folder>
	<filename>00003510_010_png.rf.339d821e18343c727385ee6364ab8047.jpg</filename>
	<path>00003510_010_png.rf.339d821e18343c727385ee6364ab8047.jpg</path>
	<source>
		<database>roboflow.com</database>
	</source>
	<size>
		<width>1024</width>
		<height>1024</height>
		<depth>3</depth>
	</size>
	<segmented>0</segmented>
	<object>
		<name>pneumonia</name>
		<pose>Unspecified</pose>
		<truncated>0</truncated>
		<difficult>0</difficult>
		<occluded>0</occluded>
		<bndbox>
			<xmin>233</xmin>
			<xmax>422</xmax>
			<ymin>585</ymin>
			<ymax>844</ymax>
		</bndbox>
	</object>
	<object>
		<name>pneumonia</name>
		<pose>Unspecified</pose>
		<truncated>0</truncated>
		<difficult>0</difficult>
		<occluded>0</occluded>
		<bndbox>
			<xmin>745</xmin>
			<xmax>853</xmax>
			<ymin>683</ymin>
			<ymax>834</ymax>
		</bndbox>
	</object>
</annotation>
