<annotation>
	<folder></folder>
	<filename>00004893_070_png.rf.2c21ba3755e89f40f061a8830e7bc9cd.jpg</filename>
	<path>00004893_070_png.rf.2c21ba3755e89f40f061a8830e7bc9cd.jpg</path>
	<source>
		<database>roboflow.com</database>
	</source>
	<size>
		<width>1024</width>
		<height>1024</height>
		<depth>3</depth>
	</size>
	<segmented>0</segmented>
	<object>
		<name>pneumonia</name>
		<pose>Unspecified</pose>
		<truncated>0</truncated>
		<difficult>0</difficult>
		<occluded>0</occluded>
		<bndbox>
			<xmin>197</xmin>
			<xmax>310</xmax>
			<ymin>553</ymin>
			<ymax>676</ymax>
		</bndbox>
	</object>
	<object>
		<name>nopneumonia</name>
		<pose>Unspecified</pose>
		<truncated>0</truncated>
		<difficult>0</difficult>
		<occluded>0</occluded>
		<bndbox>
			<xmin>609</xmin>
			<xmax>714</xmax>
			<ymin>275</ymin>
			<ymax>418</ymax>
		</bndbox>
	</object>
</annotation>
