<annotation>
	<folder></folder>
	<filename>00005639_003_png.rf.f7329f1312c40e8f3bf301a892e61d2d.jpg</filename>
	<path>00005639_003_png.rf.f7329f1312c40e8f3bf301a892e61d2d.jpg</path>
	<source>
		<database>roboflow.com</database>
	</source>
	<size>
		<width>1024</width>
		<height>1024</height>
		<depth>3</depth>
	</size>
	<segmented>0</segmented>
	<object>
		<name>nopneumonia</name>
		<pose>Unspecified</pose>
		<truncated>0</truncated>
		<difficult>0</difficult>
		<occluded>0</occluded>
		<bndbox>
			<xmin>281</xmin>
			<xmax>370</xmax>
			<ymin>245</ymin>
			<ymax>536</ymax>
		</bndbox>
	</object>
	<object>
		<name>nopneumonia</name>
		<pose>Unspecified</pose>
		<truncated>0</truncated>
		<difficult>0</difficult>
		<occluded>0</occluded>
		<bndbox>
			<xmin>734</xmin>
			<xmax>824</xmax>
			<ymin>268</ymin>
			<ymax>572</ymax>
		</bndbox>
	</object>
</annotation>
