<annotation>
	<folder></folder>
	<filename>00009048_002_png.rf.b216d9981a8cb45799f3afee1a416244.jpg</filename>
	<path>00009048_002_png.rf.b216d9981a8cb45799f3afee1a416244.jpg</path>
	<source>
		<database>roboflow.com</database>
	</source>
	<size>
		<width>1024</width>
		<height>1024</height>
		<depth>3</depth>
	</size>
	<segmented>0</segmented>
	<object>
		<name>pneumonia</name>
		<pose>Unspecified</pose>
		<truncated>0</truncated>
		<difficult>0</difficult>
		<occluded>0</occluded>
		<bndbox>
			<xmin>151</xmin>
			<xmax>330</xmax>
			<ymin>633</ymin>
			<ymax>825</ymax>
		</bndbox>
	</object>
	<object>
		<name>nopneumonia</name>
		<pose>Unspecified</pose>
		<truncated>0</truncated>
		<difficult>0</difficult>
		<occluded>0</occluded>
		<bndbox>
			<xmin>687</xmin>
			<xmax>797</xmax>
			<ymin>445</ymin>
			<ymax>641</ymax>
		</bndbox>
	</object>
</annotation>
