<annotation>
	<folder></folder>
	<filename>00000798_025_png.rf.05ad823f8daee82602a2f23873e9faa9.jpg</filename>
	<path>00000798_025_png.rf.05ad823f8daee82602a2f23873e9faa9.jpg</path>
	<source>
		<database>roboflow.com</database>
	</source>
	<size>
		<width>1024</width>
		<height>1024</height>
		<depth>3</depth>
	</size>
	<segmented>0</segmented>
	<object>
		<name>pneumonia</name>
		<pose>Unspecified</pose>
		<truncated>0</truncated>
		<difficult>0</difficult>
		<occluded>0</occluded>
		<bndbox>
			<xmin>187</xmin>
			<xmax>296</xmax>
			<ymin>647</ymin>
			<ymax>767</ymax>
		</bndbox>
	</object>
	<object>
		<name>nopneumonia</name>
		<pose>Unspecified</pose>
		<truncated>0</truncated>
		<difficult>0</difficult>
		<occluded>0</occluded>
		<bndbox>
			<xmin>637</xmin>
			<xmax>739</xmax>
			<ymin>387</ymin>
			<ymax>511</ymax>
		</bndbox>
	</object>
</annotation>
