<annotation>
	<folder></folder>
	<filename>00003640_004_png.rf.b4c91dd5b7dadc12e6c78aa193aad8e4.jpg</filename>
	<path>00003640_004_png.rf.b4c91dd5b7dadc12e6c78aa193aad8e4.jpg</path>
	<source>
		<database>roboflow.com</database>
	</source>
	<size>
		<width>1024</width>
		<height>1024</height>
		<depth>3</depth>
	</size>
	<segmented>0</segmented>
	<object>
		<name>nopneumonia</name>
		<pose>Unspecified</pose>
		<truncated>0</truncated>
		<difficult>0</difficult>
		<occluded>0</occluded>
		<bndbox>
			<xmin>246</xmin>
			<xmax>359</xmax>
			<ymin>219</ymin>
			<ymax>608</ymax>
		</bndbox>
	</object>
	<object>
		<name>nopneumonia</name>
		<pose>Unspecified</pose>
		<truncated>0</truncated>
		<difficult>0</difficult>
		<occluded>0</occluded>
		<bndbox>
			<xmin>704</xmin>
			<xmax>824</xmax>
			<ymin>222</ymin>
			<ymax>552</ymax>
		</bndbox>
	</object>
</annotation>
