<annotation>
	<folder></folder>
	<filename>00008362_013_png.rf.4c30d9ccc64b409c99e58e9862995271.jpg</filename>
	<path>00008362_013_png.rf.4c30d9ccc64b409c99e58e9862995271.jpg</path>
	<source>
		<database>roboflow.com</database>
	</source>
	<size>
		<width>1024</width>
		<height>1024</height>
		<depth>3</depth>
	</size>
	<segmented>0</segmented>
	<object>
		<name>pneumonia</name>
		<pose>Unspecified</pose>
		<truncated>0</truncated>
		<difficult>0</difficult>
		<occluded>0</occluded>
		<bndbox>
			<xmin>249</xmin>
			<xmax>395</xmax>
			<ymin>319</ymin>
			<ymax>663</ymax>
		</bndbox>
	</object>
	<object>
		<name>pneumonia</name>
		<pose>Unspecified</pose>
		<truncated>0</truncated>
		<difficult>0</difficult>
		<occluded>0</occluded>
		<bndbox>
			<xmin>653</xmin>
			<xmax>824</xmax>
			<ymin>297</ymin>
			<ymax>504</ymax>
		</bndbox>
	</object>
</annotation>
