<annotation>
	<folder></folder>
	<filename>00009863_059_png.rf.75321e6c605a8b9f5b1d96d05c84f4ea.jpg</filename>
	<path>00009863_059_png.rf.75321e6c605a8b9f5b1d96d05c84f4ea.jpg</path>
	<source>
		<database>roboflow.com</database>
	</source>
	<size>
		<width>1024</width>
		<height>1024</height>
		<depth>3</depth>
	</size>
	<segmented>0</segmented>
	<object>
		<name>pneumonia</name>
		<pose>Unspecified</pose>
		<truncated>0</truncated>
		<difficult>0</difficult>
		<occluded>0</occluded>
		<bndbox>
			<xmin>225</xmin>
			<xmax>394</xmax>
			<ymin>231</ymin>
			<ymax>569</ymax>
		</bndbox>
	</object>
	<object>
		<name>pneumonia</name>
		<pose>Unspecified</pose>
		<truncated>0</truncated>
		<difficult>0</difficult>
		<occluded>0</occluded>
		<bndbox>
			<xmin>715</xmin>
			<xmax>820</xmax>
			<ymin>377</ymin>
			<ymax>604</ymax>
		</bndbox>
	</object>
</annotation>
