<annotation>
	<folder></folder>
	<filename>00006832_001_png.rf.d66dd60d37ca4aebe665ab73ba17c6c2.jpg</filename>
	<path>00006832_001_png.rf.d66dd60d37ca4aebe665ab73ba17c6c2.jpg</path>
	<source>
		<database>roboflow.com</database>
	</source>
	<size>
		<width>1024</width>
		<height>1024</height>
		<depth>3</depth>
	</size>
	<segmented>0</segmented>
	<object>
		<name>pneumonia</name>
		<pose>Unspecified</pose>
		<truncated>0</truncated>
		<difficult>0</difficult>
		<occluded>0</occluded>
		<bndbox>
			<xmin>269</xmin>
			<xmax>430</xmax>
			<ymin>331</ymin>
			<ymax>799</ymax>
		</bndbox>
	</object>
	<object>
		<name>pneumonia</name>
		<pose>Unspecified</pose>
		<truncated>0</truncated>
		<difficult>0</difficult>
		<occluded>0</occluded>
		<bndbox>
			<xmin>669</xmin>
			<xmax>782</xmax>
			<ymin>279</ymin>
			<ymax>428</ymax>
		</bndbox>
	</object>
</annotation>
