<annotation>
	<folder></folder>
	<filename>00001749_002_png.rf.443f84c21b486c798ec622fdddd294b1.jpg</filename>
	<path>00001749_002_png.rf.443f84c21b486c798ec622fdddd294b1.jpg</path>
	<source>
		<database>roboflow.com</database>
	</source>
	<size>
		<width>1024</width>
		<height>1024</height>
		<depth>3</depth>
	</size>
	<segmented>0</segmented>
	<object>
		<name>nopneumonia</name>
		<pose>Unspecified</pose>
		<truncated>0</truncated>
		<difficult>0</difficult>
		<occluded>0</occluded>
		<bndbox>
			<xmin>245</xmin>
			<xmax>376</xmax>
			<ymin>356</ymin>
			<ymax>737</ymax>
		</bndbox>
	</object>
	<object>
		<name>pneumonia</name>
		<pose>Unspecified</pose>
		<truncated>0</truncated>
		<difficult>0</difficult>
		<occluded>0</occluded>
		<bndbox>
			<xmin>744</xmin>
			<xmax>835</xmax>
			<ymin>483</ymin>
			<ymax>737</ymax>
		</bndbox>
	</object>
</annotation>
