<annotation>
	<folder></folder>
	<filename>00009081_000_png.rf.16ef4f54021e45d7c85eb8d708bd049d.jpg</filename>
	<path>00009081_000_png.rf.16ef4f54021e45d7c85eb8d708bd049d.jpg</path>
	<source>
		<database>roboflow.com</database>
	</source>
	<size>
		<width>1024</width>
		<height>1024</height>
		<depth>3</depth>
	</size>
	<segmented>0</segmented>
	<object>
		<name>pneumonia</name>
		<pose>Unspecified</pose>
		<truncated>0</truncated>
		<difficult>0</difficult>
		<occluded>0</occluded>
		<bndbox>
			<xmin>199</xmin>
			<xmax>406</xmax>
			<ymin>431</ymin>
			<ymax>585</ymax>
		</bndbox>
	</object>
	<object>
		<name>pneumonia</name>
		<pose>Unspecified</pose>
		<truncated>0</truncated>
		<difficult>0</difficult>
		<occluded>0</occluded>
		<bndbox>
			<xmin>767</xmin>
			<xmax>894</xmax>
			<ymin>427</ymin>
			<ymax>645</ymax>
		</bndbox>
	</object>
</annotation>
