<annotation>
	<folder></folder>
	<filename>00006717_007_png.rf.9dabf3e72f1107382da3ad1c6524225a.jpg</filename>
	<path>00006717_007_png.rf.9dabf3e72f1107382da3ad1c6524225a.jpg</path>
	<source>
		<database>roboflow.com</database>
	</source>
	<size>
		<width>1024</width>
		<height>1024</height>
		<depth>3</depth>
	</size>
	<segmented>0</segmented>
	<object>
		<name>nopneumonia</name>
		<pose>Unspecified</pose>
		<truncated>0</truncated>
		<difficult>0</difficult>
		<occluded>0</occluded>
		<bndbox>
			<xmin>179</xmin>
			<xmax>333</xmax>
			<ymin>245</ymin>
			<ymax>716</ymax>
		</bndbox>
	</object>
	<object>
		<name>nopneumonia</name>
		<pose>Unspecified</pose>
		<truncated>0</truncated>
		<difficult>0</difficult>
		<occluded>0</occluded>
		<bndbox>
			<xmin>705</xmin>
			<xmax>838</xmax>
			<ymin>250</ymin>
			<ymax>561</ymax>
		</bndbox>
	</object>
</annotation>
