<annotation>
	<folder></folder>
	<filename>00000583_045_png.rf.f5bf712ed547d39d780c112fbdb993af.jpg</filename>
	<path>00000583_045_png.rf.f5bf712ed547d39d780c112fbdb993af.jpg</path>
	<source>
		<database>roboflow.com</database>
	</source>
	<size>
		<width>1024</width>
		<height>1024</height>
		<depth>3</depth>
	</size>
	<segmented>0</segmented>
	<object>
		<name>pneumonia</name>
		<pose>Unspecified</pose>
		<truncated>0</truncated>
		<difficult>0</difficult>
		<occluded>0</occluded>
		<bndbox>
			<xmin>205</xmin>
			<xmax>356</xmax>
			<ymin>474</ymin>
			<ymax>531</ymax>
		</bndbox>
	</object>
	<object>
		<name>pneumonia</name>
		<pose>Unspecified</pose>
		<truncated>0</truncated>
		<difficult>0</difficult>
		<occluded>0</occluded>
		<bndbox>
			<xmin>763</xmin>
			<xmax>817</xmax>
			<ymin>541</ymin>
			<ymax>596</ymax>
		</bndbox>
	</object>
	<object>
		<name>nopneumonia</name>
		<pose>Unspecified</pose>
		<truncated>0</truncated>
		<difficult>0</difficult>
		<occluded>0</occluded>
		<bndbox>
			<xmin>655</xmin>
			<xmax>723</xmax>
			<ymin>281</ymin>
			<ymax>380</ymax>
		</bndbox>
	</object>
</annotation>
