<annotation>
	<folder></folder>
	<filename>00001946_007_png.rf.f27d9de3c2e92f707df054a13e5fc24d.jpg</filename>
	<path>00001946_007_png.rf.f27d9de3c2e92f707df054a13e5fc24d.jpg</path>
	<source>
		<database>roboflow.com</database>
	</source>
	<size>
		<width>1024</width>
		<height>1024</height>
		<depth>3</depth>
	</size>
	<segmented>0</segmented>
	<object>
		<name>pneumonia</name>
		<pose>Unspecified</pose>
		<truncated>0</truncated>
		<difficult>0</difficult>
		<occluded>0</occluded>
		<bndbox>
			<xmin>309</xmin>
			<xmax>399</xmax>
			<ymin>409</ymin>
			<ymax>519</ymax>
		</bndbox>
	</object>
	<object>
		<name>pneumonia</name>
		<pose>Unspecified</pose>
		<truncated>0</truncated>
		<difficult>0</difficult>
		<occluded>0</occluded>
		<bndbox>
			<xmin>630</xmin>
			<xmax>712</xmax>
			<ymin>309</ymin>
			<ymax>399</ymax>
		</bndbox>
	</object>
</annotation>
