<annotation>
	<folder></folder>
	<filename>00000218_001_png.rf.48a461c9e76866d75f1902f6b148ae74.jpg</filename>
	<path>00000218_001_png.rf.48a461c9e76866d75f1902f6b148ae74.jpg</path>
	<source>
		<database>roboflow.com</database>
	</source>
	<size>
		<width>1024</width>
		<height>1024</height>
		<depth>3</depth>
	</size>
	<segmented>0</segmented>
	<object>
		<name>pneumonia</name>
		<pose>Unspecified</pose>
		<truncated>0</truncated>
		<difficult>0</difficult>
		<occluded>0</occluded>
		<bndbox>
			<xmin>114</xmin>
			<xmax>322</xmax>
			<ymin>432</ymin>
			<ymax>608</ymax>
		</bndbox>
	</object>
	<object>
		<name>pneumonia</name>
		<pose>Unspecified</pose>
		<truncated>0</truncated>
		<difficult>0</difficult>
		<occluded>0</occluded>
		<bndbox>
			<xmin>763</xmin>
			<xmax>907</xmax>
			<ymin>420</ymin>
			<ymax>566</ymax>
		</bndbox>
	</object>
</annotation>
