<annotation>
	<folder></folder>
	<filename>00000144_001_png.rf.1052dc278a83c507575e86d96708c6fc.jpg</filename>
	<path>00000144_001_png.rf.1052dc278a83c507575e86d96708c6fc.jpg</path>
	<source>
		<database>roboflow.com</database>
	</source>
	<size>
		<width>1024</width>
		<height>1024</height>
		<depth>3</depth>
	</size>
	<segmented>0</segmented>
	<object>
		<name>pneumonia</name>
		<pose>Unspecified</pose>
		<truncated>0</truncated>
		<difficult>0</difficult>
		<occluded>0</occluded>
		<bndbox>
			<xmin>117</xmin>
			<xmax>255</xmax>
			<ymin>553</ymin>
			<ymax>658</ymax>
		</bndbox>
	</object>
	<object>
		<name>nopneumonia</name>
		<pose>Unspecified</pose>
		<truncated>0</truncated>
		<difficult>0</difficult>
		<occluded>0</occluded>
		<bndbox>
			<xmin>575</xmin>
			<xmax>723</xmax>
			<ymin>285</ymin>
			<ymax>439</ymax>
		</bndbox>
	</object>
</annotation>
