<annotation>
	<folder></folder>
	<filename>00002451_007_png.rf.eb07ab320e09f0fcbccf56e255e0579f.jpg</filename>
	<path>00002451_007_png.rf.eb07ab320e09f0fcbccf56e255e0579f.jpg</path>
	<source>
		<database>roboflow.com</database>
	</source>
	<size>
		<width>1024</width>
		<height>1024</height>
		<depth>3</depth>
	</size>
	<segmented>0</segmented>
	<object>
		<name>nopneumonia</name>
		<pose>Unspecified</pose>
		<truncated>0</truncated>
		<difficult>0</difficult>
		<occluded>0</occluded>
		<bndbox>
			<xmin>169</xmin>
			<xmax>314</xmax>
			<ymin>174</ymin>
			<ymax>675</ymax>
		</bndbox>
	</object>
	<object>
		<name>nopneumonia</name>
		<pose>Unspecified</pose>
		<truncated>0</truncated>
		<difficult>0</difficult>
		<occluded>0</occluded>
		<bndbox>
			<xmin>705</xmin>
			<xmax>877</xmax>
			<ymin>197</ymin>
			<ymax>704</ymax>
		</bndbox>
	</object>
</annotation>
