<annotation>
	<folder></folder>
	<filename>00007787_001_png.rf.17fc9816e31d80b69636200026004341.jpg</filename>
	<path>00007787_001_png.rf.17fc9816e31d80b69636200026004341.jpg</path>
	<source>
		<database>roboflow.com</database>
	</source>
	<size>
		<width>1024</width>
		<height>1024</height>
		<depth>3</depth>
	</size>
	<segmented>0</segmented>
	<object>
		<name>nopneumonia</name>
		<pose>Unspecified</pose>
		<truncated>0</truncated>
		<difficult>0</difficult>
		<occluded>0</occluded>
		<bndbox>
			<xmin>151</xmin>
			<xmax>317</xmax>
			<ymin>269</ymin>
			<ymax>793</ymax>
		</bndbox>
	</object>
	<object>
		<name>nopneumonia</name>
		<pose>Unspecified</pose>
		<truncated>0</truncated>
		<difficult>0</difficult>
		<occluded>0</occluded>
		<bndbox>
			<xmin>670</xmin>
			<xmax>792</xmax>
			<ymin>213</ymin>
			<ymax>640</ymax>
		</bndbox>
	</object>
</annotation>
