<annotation>
	<folder></folder>
	<filename>00001247_011_png.rf.6e949a9fcc02f7700674356944a0c442.jpg</filename>
	<path>00001247_011_png.rf.6e949a9fcc02f7700674356944a0c442.jpg</path>
	<source>
		<database>roboflow.com</database>
	</source>
	<size>
		<width>1024</width>
		<height>1024</height>
		<depth>3</depth>
	</size>
	<segmented>0</segmented>
	<object>
		<name>nopneumonia</name>
		<pose>Unspecified</pose>
		<truncated>0</truncated>
		<difficult>0</difficult>
		<occluded>0</occluded>
		<bndbox>
			<xmin>257</xmin>
			<xmax>355</xmax>
			<ymin>253</ymin>
			<ymax>601</ymax>
		</bndbox>
	</object>
	<object>
		<name>nopneumonia</name>
		<pose>Unspecified</pose>
		<truncated>0</truncated>
		<difficult>0</difficult>
		<occluded>0</occluded>
		<bndbox>
			<xmin>631</xmin>
			<xmax>742</xmax>
			<ymin>260</ymin>
			<ymax>437</ymax>
		</bndbox>
	</object>
</annotation>
