<annotation>
	<folder></folder>
	<filename>00005069_001_png.rf.daee23f1e386f9d3c9f46c3879329947.jpg</filename>
	<path>00005069_001_png.rf.daee23f1e386f9d3c9f46c3879329947.jpg</path>
	<source>
		<database>roboflow.com</database>
	</source>
	<size>
		<width>1024</width>
		<height>1024</height>
		<depth>3</depth>
	</size>
	<segmented>0</segmented>
	<object>
		<name>nopneumonia</name>
		<pose>Unspecified</pose>
		<truncated>0</truncated>
		<difficult>0</difficult>
		<occluded>0</occluded>
		<bndbox>
			<xmin>307</xmin>
			<xmax>465</xmax>
			<ymin>331</ymin>
			<ymax>734</ymax>
		</bndbox>
	</object>
	<object>
		<name>nopneumonia</name>
		<pose>Unspecified</pose>
		<truncated>0</truncated>
		<difficult>0</difficult>
		<occluded>0</occluded>
		<bndbox>
			<xmin>790</xmin>
			<xmax>931</xmax>
			<ymin>329</ymin>
			<ymax>766</ymax>
		</bndbox>
	</object>
</annotation>
