<annotation>
	<folder></folder>
	<filename>00009305_002_png.rf.9f3e9b14ddf654a2b37f72a961ade751.jpg</filename>
	<path>00009305_002_png.rf.9f3e9b14ddf654a2b37f72a961ade751.jpg</path>
	<source>
		<database>roboflow.com</database>
	</source>
	<size>
		<width>1024</width>
		<height>1024</height>
		<depth>3</depth>
	</size>
	<segmented>0</segmented>
	<object>
		<name>pneumonia</name>
		<pose>Unspecified</pose>
		<truncated>0</truncated>
		<difficult>0</difficult>
		<occluded>0</occluded>
		<bndbox>
			<xmin>148</xmin>
			<xmax>348</xmax>
			<ymin>613</ymin>
			<ymax>803</ymax>
		</bndbox>
	</object>
	<object>
		<name>pneumonia</name>
		<pose>Unspecified</pose>
		<truncated>0</truncated>
		<difficult>0</difficult>
		<occluded>0</occluded>
		<bndbox>
			<xmin>711</xmin>
			<xmax>874</xmax>
			<ymin>555</ymin>
			<ymax>750</ymax>
		</bndbox>
	</object>
</annotation>
