<annotation>
	<folder></folder>
	<filename>00001749_003_png.rf.15e5e22749cea5af73135f6f24e1d2a4.jpg</filename>
	<path>00001749_003_png.rf.15e5e22749cea5af73135f6f24e1d2a4.jpg</path>
	<source>
		<database>roboflow.com</database>
	</source>
	<size>
		<width>1024</width>
		<height>1024</height>
		<depth>3</depth>
	</size>
	<segmented>0</segmented>
	<object>
		<name>nopneumonia</name>
		<pose>Unspecified</pose>
		<truncated>0</truncated>
		<difficult>0</difficult>
		<occluded>0</occluded>
		<bndbox>
			<xmin>239</xmin>
			<xmax>343</xmax>
			<ymin>291</ymin>
			<ymax>592</ymax>
		</bndbox>
	</object>
	<object>
		<name>nopneumonia</name>
		<pose>Unspecified</pose>
		<truncated>0</truncated>
		<difficult>0</difficult>
		<occluded>0</occluded>
		<bndbox>
			<xmin>681</xmin>
			<xmax>773</xmax>
			<ymin>229</ymin>
			<ymax>551</ymax>
		</bndbox>
	</object>
</annotation>
