<annotation>
	<folder></folder>
	<filename>00001637_001_png.rf.475aadae42d76cdd351d1a2228079f59.jpg</filename>
	<path>00001637_001_png.rf.475aadae42d76cdd351d1a2228079f59.jpg</path>
	<source>
		<database>roboflow.com</database>
	</source>
	<size>
		<width>1024</width>
		<height>1024</height>
		<depth>3</depth>
	</size>
	<segmented>0</segmented>
	<object>
		<name>pneumonia</name>
		<pose>Unspecified</pose>
		<truncated>0</truncated>
		<difficult>0</difficult>
		<occluded>0</occluded>
		<bndbox>
			<xmin>349</xmin>
			<xmax>478</xmax>
			<ymin>239</ymin>
			<ymax>502</ymax>
		</bndbox>
	</object>
	<object>
		<name>nopneumonia</name>
		<pose>Unspecified</pose>
		<truncated>0</truncated>
		<difficult>0</difficult>
		<occluded>0</occluded>
		<bndbox>
			<xmin>720</xmin>
			<xmax>849</xmax>
			<ymin>338</ymin>
			<ymax>556</ymax>
		</bndbox>
	</object>
</annotation>
