<annotation>
	<folder></folder>
	<filename>00008470_008_png.rf.fd4e4f56b038b7a0ebf2a6189101e06d.jpg</filename>
	<path>00008470_008_png.rf.fd4e4f56b038b7a0ebf2a6189101e06d.jpg</path>
	<source>
		<database>roboflow.com</database>
	</source>
	<size>
		<width>1024</width>
		<height>1024</height>
		<depth>3</depth>
	</size>
	<segmented>0</segmented>
	<object>
		<name>pneumonia</name>
		<pose>Unspecified</pose>
		<truncated>0</truncated>
		<difficult>0</difficult>
		<occluded>0</occluded>
		<bndbox>
			<xmin>176</xmin>
			<xmax>319</xmax>
			<ymin>661</ymin>
			<ymax>789</ymax>
		</bndbox>
	</object>
	<object>
		<name>nopneumonia</name>
		<pose>Unspecified</pose>
		<truncated>0</truncated>
		<difficult>0</difficult>
		<occluded>0</occluded>
		<bndbox>
			<xmin>623</xmin>
			<xmax>739</xmax>
			<ymin>331</ymin>
			<ymax>592</ymax>
		</bndbox>
	</object>
</annotation>
