<annotation>
	<folder></folder>
	<filename>00003426_017_png.rf.7f70fcb3c735b84c58c541b7ff157cf5.jpg</filename>
	<path>00003426_017_png.rf.7f70fcb3c735b84c58c541b7ff157cf5.jpg</path>
	<source>
		<database>roboflow.com</database>
	</source>
	<size>
		<width>1024</width>
		<height>1024</height>
		<depth>3</depth>
	</size>
	<segmented>0</segmented>
	<object>
		<name>pneumonia</name>
		<pose>Unspecified</pose>
		<truncated>0</truncated>
		<difficult>0</difficult>
		<occluded>0</occluded>
		<bndbox>
			<xmin>177</xmin>
			<xmax>289</xmax>
			<ymin>412</ymin>
			<ymax>782</ymax>
		</bndbox>
	</object>
	<object>
		<name>pneumonia</name>
		<pose>Unspecified</pose>
		<truncated>0</truncated>
		<difficult>0</difficult>
		<occluded>0</occluded>
		<bndbox>
			<xmin>670</xmin>
			<xmax>801</xmax>
			<ymin>473</ymin>
			<ymax>679</ymax>
		</bndbox>
	</object>
</annotation>
