<annotation>
	<folder></folder>
	<filename>00005138_009_png.rf.d0ad32fa8f79cadbe0f4a60247f83b5a.jpg</filename>
	<path>00005138_009_png.rf.d0ad32fa8f79cadbe0f4a60247f83b5a.jpg</path>
	<source>
		<database>roboflow.com</database>
	</source>
	<size>
		<width>1024</width>
		<height>1024</height>
		<depth>3</depth>
	</size>
	<segmented>0</segmented>
	<object>
		<name>pneumonia</name>
		<pose>Unspecified</pose>
		<truncated>0</truncated>
		<difficult>0</difficult>
		<occluded>0</occluded>
		<bndbox>
			<xmin>294</xmin>
			<xmax>418</xmax>
			<ymin>455</ymin>
			<ymax>767</ymax>
		</bndbox>
	</object>
	<object>
		<name>pneumonia</name>
		<pose>Unspecified</pose>
		<truncated>0</truncated>
		<difficult>0</difficult>
		<occluded>0</occluded>
		<bndbox>
			<xmin>756</xmin>
			<xmax>857</xmax>
			<ymin>517</ymin>
			<ymax>683</ymax>
		</bndbox>
	</object>
</annotation>
