<annotation>
	<folder></folder>
	<filename>00000165_001_png.rf.4b44fdf2a3f7241ce99f43950cbfda37.jpg</filename>
	<path>00000165_001_png.rf.4b44fdf2a3f7241ce99f43950cbfda37.jpg</path>
	<source>
		<database>roboflow.com</database>
	</source>
	<size>
		<width>1024</width>
		<height>1024</height>
		<depth>3</depth>
	</size>
	<segmented>0</segmented>
	<object>
		<name>pneumonia</name>
		<pose>Unspecified</pose>
		<truncated>0</truncated>
		<difficult>0</difficult>
		<occluded>0</occluded>
		<bndbox>
			<xmin>209</xmin>
			<xmax>391</xmax>
			<ymin>441</ymin>
			<ymax>616</ymax>
		</bndbox>
	</object>
	<object>
		<name>nopneumonia</name>
		<pose>Unspecified</pose>
		<truncated>0</truncated>
		<difficult>0</difficult>
		<occluded>0</occluded>
		<bndbox>
			<xmin>691</xmin>
			<xmax>831</xmax>
			<ymin>335</ymin>
			<ymax>513</ymax>
		</bndbox>
	</object>
</annotation>
