<annotation>
	<folder></folder>
	<filename>00008745_034_png.rf.e09a1425a0df24b5059e4487d6bf58ab.jpg</filename>
	<path>00008745_034_png.rf.e09a1425a0df24b5059e4487d6bf58ab.jpg</path>
	<source>
		<database>roboflow.com</database>
	</source>
	<size>
		<width>1024</width>
		<height>1024</height>
		<depth>3</depth>
	</size>
	<segmented>0</segmented>
	<object>
		<name>pneumonia</name>
		<pose>Unspecified</pose>
		<truncated>0</truncated>
		<difficult>0</difficult>
		<occluded>0</occluded>
		<bndbox>
			<xmin>234</xmin>
			<xmax>381</xmax>
			<ymin>239</ymin>
			<ymax>432</ymax>
		</bndbox>
	</object>
	<object>
		<name>pneumonia</name>
		<pose>Unspecified</pose>
		<truncated>0</truncated>
		<difficult>0</difficult>
		<occluded>0</occluded>
		<bndbox>
			<xmin>715</xmin>
			<xmax>868</xmax>
			<ymin>261</ymin>
			<ymax>497</ymax>
		</bndbox>
	</object>
</annotation>
