<annotation>
	<folder></folder>
	<filename>00009903_000_png.rf.8c451d4238776d14387b176a6245072e.jpg</filename>
	<path>00009903_000_png.rf.8c451d4238776d14387b176a6245072e.jpg</path>
	<source>
		<database>roboflow.com</database>
	</source>
	<size>
		<width>1024</width>
		<height>1024</height>
		<depth>3</depth>
	</size>
	<segmented>0</segmented>
	<object>
		<name>pneumonia</name>
		<pose>Unspecified</pose>
		<truncated>0</truncated>
		<difficult>0</difficult>
		<occluded>0</occluded>
		<bndbox>
			<xmin>205</xmin>
			<xmax>344</xmax>
			<ymin>397</ymin>
			<ymax>549</ymax>
		</bndbox>
	</object>
	<object>
		<name>nopneumonia</name>
		<pose>Unspecified</pose>
		<truncated>0</truncated>
		<difficult>0</difficult>
		<occluded>0</occluded>
		<bndbox>
			<xmin>721</xmin>
			<xmax>825</xmax>
			<ymin>279</ymin>
			<ymax>512</ymax>
		</bndbox>
	</object>
</annotation>
