<annotation>
	<folder></folder>
	<filename>00008401_006_png.rf.bc095d1d1f2b381a1f7ba7d7204e472b.jpg</filename>
	<path>00008401_006_png.rf.bc095d1d1f2b381a1f7ba7d7204e472b.jpg</path>
	<source>
		<database>roboflow.com</database>
	</source>
	<size>
		<width>1024</width>
		<height>1024</height>
		<depth>3</depth>
	</size>
	<segmented>0</segmented>
	<object>
		<name>pneumonia</name>
		<pose>Unspecified</pose>
		<truncated>0</truncated>
		<difficult>0</difficult>
		<occluded>0</occluded>
		<bndbox>
			<xmin>194</xmin>
			<xmax>343</xmax>
			<ymin>295</ymin>
			<ymax>450</ymax>
		</bndbox>
	</object>
	<object>
		<name>pneumonia</name>
		<pose>Unspecified</pose>
		<truncated>0</truncated>
		<difficult>0</difficult>
		<occluded>0</occluded>
		<bndbox>
			<xmin>615</xmin>
			<xmax>825</xmax>
			<ymin>251</ymin>
			<ymax>488</ymax>
		</bndbox>
	</object>
</annotation>
