<annotation>
	<folder></folder>
	<filename>00007992_006_png.rf.281e62a3105a4baf3df466693b2d2087.jpg</filename>
	<path>00007992_006_png.rf.281e62a3105a4baf3df466693b2d2087.jpg</path>
	<source>
		<database>roboflow.com</database>
	</source>
	<size>
		<width>1024</width>
		<height>1024</height>
		<depth>3</depth>
	</size>
	<segmented>0</segmented>
	<object>
		<name>nopneumonia</name>
		<pose>Unspecified</pose>
		<truncated>0</truncated>
		<difficult>0</difficult>
		<occluded>0</occluded>
		<bndbox>
			<xmin>169</xmin>
			<xmax>322</xmax>
			<ymin>249</ymin>
			<ymax>616</ymax>
		</bndbox>
	</object>
	<object>
		<name>nopneumonia</name>
		<pose>Unspecified</pose>
		<truncated>0</truncated>
		<difficult>0</difficult>
		<occluded>0</occluded>
		<bndbox>
			<xmin>800</xmin>
			<xmax>939</xmax>
			<ymin>245</ymin>
			<ymax>635</ymax>
		</bndbox>
	</object>
</annotation>
