<annotation>
	<folder></folder>
	<filename>00003523_011_png.rf.1edc0f575c2aea59d12466d455b8b4b4.jpg</filename>
	<path>00003523_011_png.rf.1edc0f575c2aea59d12466d455b8b4b4.jpg</path>
	<source>
		<database>roboflow.com</database>
	</source>
	<size>
		<width>1024</width>
		<height>1024</height>
		<depth>3</depth>
	</size>
	<segmented>0</segmented>
	<object>
		<name>pneumonia</name>
		<pose>Unspecified</pose>
		<truncated>0</truncated>
		<difficult>0</difficult>
		<occluded>0</occluded>
		<bndbox>
			<xmin>197</xmin>
			<xmax>346</xmax>
			<ymin>485</ymin>
			<ymax>648</ymax>
		</bndbox>
	</object>
	<object>
		<name>pneumonia</name>
		<pose>Unspecified</pose>
		<truncated>0</truncated>
		<difficult>0</difficult>
		<occluded>0</occluded>
		<bndbox>
			<xmin>732</xmin>
			<xmax>881</xmax>
			<ymin>411</ymin>
			<ymax>583</ymax>
		</bndbox>
	</object>
	<object>
		<name>pneumonia</name>
		<pose>Unspecified</pose>
		<truncated>0</truncated>
		<difficult>0</difficult>
		<occluded>0</occluded>
		<bndbox>
			<xmin>633</xmin>
			<xmax>800</xmax>
			<ymin>285</ymin>
			<ymax>400</ymax>
		</bndbox>
	</object>
</annotation>
