<annotation>
	<folder></folder>
	<filename>00009229_003_png.rf.bf983b3556dd889ab0b0cfb9d286c9e2.jpg</filename>
	<path>00009229_003_png.rf.bf983b3556dd889ab0b0cfb9d286c9e2.jpg</path>
	<source>
		<database>roboflow.com</database>
	</source>
	<size>
		<width>1024</width>
		<height>1024</height>
		<depth>3</depth>
	</size>
	<segmented>0</segmented>
	<object>
		<name>pneumonia</name>
		<pose>Unspecified</pose>
		<truncated>0</truncated>
		<difficult>0</difficult>
		<occluded>0</occluded>
		<bndbox>
			<xmin>201</xmin>
			<xmax>347</xmax>
			<ymin>527</ymin>
			<ymax>666</ymax>
		</bndbox>
	</object>
	<object>
		<name>pneumonia</name>
		<pose>Unspecified</pose>
		<truncated>0</truncated>
		<difficult>0</difficult>
		<occluded>0</occluded>
		<bndbox>
			<xmin>282</xmin>
			<xmax>405</xmax>
			<ymin>257</ymin>
			<ymax>377</ymax>
		</bndbox>
	</object>
	<object>
		<name>pneumonia</name>
		<pose>Unspecified</pose>
		<truncated>0</truncated>
		<difficult>0</difficult>
		<occluded>0</occluded>
		<bndbox>
			<xmin>707</xmin>
			<xmax>787</xmax>
			<ymin>567</ymin>
			<ymax>705</ymax>
		</bndbox>
	</object>
</annotation>
