<annotation>
	<folder></folder>
	<filename>00007699_003_png.rf.e162c2f64e9300052b312435ae21d106.jpg</filename>
	<path>00007699_003_png.rf.e162c2f64e9300052b312435ae21d106.jpg</path>
	<source>
		<database>roboflow.com</database>
	</source>
	<size>
		<width>1024</width>
		<height>1024</height>
		<depth>3</depth>
	</size>
	<segmented>0</segmented>
	<object>
		<name>nopneumonia</name>
		<pose>Unspecified</pose>
		<truncated>0</truncated>
		<difficult>0</difficult>
		<occluded>0</occluded>
		<bndbox>
			<xmin>188</xmin>
			<xmax>344</xmax>
			<ymin>240</ymin>
			<ymax>766</ymax>
		</bndbox>
	</object>
	<object>
		<name>nopneumonia</name>
		<pose>Unspecified</pose>
		<truncated>0</truncated>
		<difficult>0</difficult>
		<occluded>0</occluded>
		<bndbox>
			<xmin>716</xmin>
			<xmax>876</xmax>
			<ymin>252</ymin>
			<ymax>682</ymax>
		</bndbox>
	</object>
</annotation>
