<annotation>
	<folder></folder>
	<filename>00005963_025_png.rf.39a0ee14556091f6f2ba8aa207689f9b.jpg</filename>
	<path>00005963_025_png.rf.39a0ee14556091f6f2ba8aa207689f9b.jpg</path>
	<source>
		<database>roboflow.com</database>
	</source>
	<size>
		<width>1024</width>
		<height>1024</height>
		<depth>3</depth>
	</size>
	<segmented>0</segmented>
	<object>
		<name>pneumonia</name>
		<pose>Unspecified</pose>
		<truncated>0</truncated>
		<difficult>0</difficult>
		<occluded>0</occluded>
		<bndbox>
			<xmin>233</xmin>
			<xmax>345</xmax>
			<ymin>378</ymin>
			<ymax>718</ymax>
		</bndbox>
	</object>
	<object>
		<name>pneumonia</name>
		<pose>Unspecified</pose>
		<truncated>0</truncated>
		<difficult>0</difficult>
		<occluded>0</occluded>
		<bndbox>
			<xmin>643</xmin>
			<xmax>790</xmax>
			<ymin>303</ymin>
			<ymax>473</ymax>
		</bndbox>
	</object>
</annotation>
