<annotation>
	<folder></folder>
	<filename>00001437_019_png.rf.4288b6bf3b845f100f66298bfe54d5a0.jpg</filename>
	<path>00001437_019_png.rf.4288b6bf3b845f100f66298bfe54d5a0.jpg</path>
	<source>
		<database>roboflow.com</database>
	</source>
	<size>
		<width>1024</width>
		<height>1024</height>
		<depth>3</depth>
	</size>
	<segmented>0</segmented>
	<object>
		<name>nopneumonia</name>
		<pose>Unspecified</pose>
		<truncated>0</truncated>
		<difficult>0</difficult>
		<occluded>0</occluded>
		<bndbox>
			<xmin>629</xmin>
			<xmax>748</xmax>
			<ymin>311</ymin>
			<ymax>737</ymax>
		</bndbox>
	</object>
</annotation>
