<annotation>
	<folder></folder>
	<filename>00006490_006_png.rf.766fa8278d7a2e20e15bcc4e902de803.jpg</filename>
	<path>00006490_006_png.rf.766fa8278d7a2e20e15bcc4e902de803.jpg</path>
	<source>
		<database>roboflow.com</database>
	</source>
	<size>
		<width>1024</width>
		<height>1024</height>
		<depth>3</depth>
	</size>
	<segmented>0</segmented>
	<object>
		<name>pneumonia</name>
		<pose>Unspecified</pose>
		<truncated>0</truncated>
		<difficult>0</difficult>
		<occluded>0</occluded>
		<bndbox>
			<xmin>207</xmin>
			<xmax>387</xmax>
			<ymin>493</ymin>
			<ymax>695</ymax>
		</bndbox>
	</object>
	<object>
		<name>pneumonia</name>
		<pose>Unspecified</pose>
		<truncated>0</truncated>
		<difficult>0</difficult>
		<occluded>0</occluded>
		<bndbox>
			<xmin>705</xmin>
			<xmax>799</xmax>
			<ymin>551</ymin>
			<ymax>653</ymax>
		</bndbox>
	</object>
</annotation>
