<annotation>
	<folder></folder>
	<filename>00002572_006_png.rf.e1e6b1ab0a1b71cc39a19220f687deb8.jpg</filename>
	<path>00002572_006_png.rf.e1e6b1ab0a1b71cc39a19220f687deb8.jpg</path>
	<source>
		<database>roboflow.com</database>
	</source>
	<size>
		<width>1024</width>
		<height>1024</height>
		<depth>3</depth>
	</size>
	<segmented>0</segmented>
	<object>
		<name>nopneumonia</name>
		<pose>Unspecified</pose>
		<truncated>0</truncated>
		<difficult>0</difficult>
		<occluded>0</occluded>
		<bndbox>
			<xmin>225</xmin>
			<xmax>367</xmax>
			<ymin>225</ymin>
			<ymax>622</ymax>
		</bndbox>
	</object>
	<object>
		<name>nopneumonia</name>
		<pose>Unspecified</pose>
		<truncated>0</truncated>
		<difficult>0</difficult>
		<occluded>0</occluded>
		<bndbox>
			<xmin>751</xmin>
			<xmax>886</xmax>
			<ymin>291</ymin>
			<ymax>563</ymax>
		</bndbox>
	</object>
</annotation>
