<annotation>
	<folder></folder>
	<filename>00002360_002_png.rf.ba25aa99dd548828bfeba6b250a62855.jpg</filename>
	<path>00002360_002_png.rf.ba25aa99dd548828bfeba6b250a62855.jpg</path>
	<source>
		<database>roboflow.com</database>
	</source>
	<size>
		<width>1024</width>
		<height>1024</height>
		<depth>3</depth>
	</size>
	<segmented>0</segmented>
	<object>
		<name>nopneumonia</name>
		<pose>Unspecified</pose>
		<truncated>0</truncated>
		<difficult>0</difficult>
		<occluded>0</occluded>
		<bndbox>
			<xmin>185</xmin>
			<xmax>307</xmax>
			<ymin>257</ymin>
			<ymax>652</ymax>
		</bndbox>
	</object>
	<object>
		<name>nopneumonia</name>
		<pose>Unspecified</pose>
		<truncated>0</truncated>
		<difficult>0</difficult>
		<occluded>0</occluded>
		<bndbox>
			<xmin>688</xmin>
			<xmax>857</xmax>
			<ymin>267</ymin>
			<ymax>663</ymax>
		</bndbox>
	</object>
</annotation>
