<annotation>
	<folder></folder>
	<filename>00008727_009_png.rf.b89e6e82f738cc70a48270a757f67f0e.jpg</filename>
	<path>00008727_009_png.rf.b89e6e82f738cc70a48270a757f67f0e.jpg</path>
	<source>
		<database>roboflow.com</database>
	</source>
	<size>
		<width>1024</width>
		<height>1024</height>
		<depth>3</depth>
	</size>
	<segmented>0</segmented>
	<object>
		<name>nopneumonia</name>
		<pose>Unspecified</pose>
		<truncated>0</truncated>
		<difficult>0</difficult>
		<occluded>0</occluded>
		<bndbox>
			<xmin>271</xmin>
			<xmax>404</xmax>
			<ymin>359</ymin>
			<ymax>842</ymax>
		</bndbox>
	</object>
	<object>
		<name>nopneumonia</name>
		<pose>Unspecified</pose>
		<truncated>0</truncated>
		<difficult>0</difficult>
		<occluded>0</occluded>
		<bndbox>
			<xmin>707</xmin>
			<xmax>835</xmax>
			<ymin>345</ymin>
			<ymax>712</ymax>
		</bndbox>
	</object>
</annotation>
