<annotation>
	<folder></folder>
	<filename>00005673_003_png.rf.1566924450f24b577dd2d55a3ee09e54.jpg</filename>
	<path>00005673_003_png.rf.1566924450f24b577dd2d55a3ee09e54.jpg</path>
	<source>
		<database>roboflow.com</database>
	</source>
	<size>
		<width>1024</width>
		<height>1024</height>
		<depth>3</depth>
	</size>
	<segmented>0</segmented>
	<object>
		<name>pneumonia</name>
		<pose>Unspecified</pose>
		<truncated>0</truncated>
		<difficult>0</difficult>
		<occluded>0</occluded>
		<bndbox>
			<xmin>233</xmin>
			<xmax>365</xmax>
			<ymin>243</ymin>
			<ymax>741</ymax>
		</bndbox>
	</object>
	<object>
		<name>pneumonia</name>
		<pose>Unspecified</pose>
		<truncated>0</truncated>
		<difficult>0</difficult>
		<occluded>0</occluded>
		<bndbox>
			<xmin>753</xmin>
			<xmax>891</xmax>
			<ymin>337</ymin>
			<ymax>647</ymax>
		</bndbox>
	</object>
</annotation>
