<annotation>
	<folder></folder>
	<filename>00016705_003_png.rf.d62cf207e4ad86c396ea2807180b20bc.jpg</filename>
	<path>00016705_003_png.rf.d62cf207e4ad86c396ea2807180b20bc.jpg</path>
	<source>
		<database>roboflow.com</database>
	</source>
	<size>
		<width>1024</width>
		<height>1024</height>
		<depth>3</depth>
	</size>
	<segmented>0</segmented>
	<object>
		<name>pneumonia</name>
		<pose>Unspecified</pose>
		<truncated>0</truncated>
		<difficult>0</difficult>
		<occluded>0</occluded>
		<bndbox>
			<xmin>184</xmin>
			<xmax>329</xmax>
			<ymin>220</ymin>
			<ymax>343</ymax>
		</bndbox>
	</object>
	<object>
		<name>pneumonia</name>
		<pose>Unspecified</pose>
		<truncated>0</truncated>
		<difficult>0</difficult>
		<occluded>0</occluded>
		<bndbox>
			<xmin>653</xmin>
			<xmax>840</xmax>
			<ymin>319</ymin>
			<ymax>692</ymax>
		</bndbox>
	</object>
</annotation>
