<annotation>
	<folder></folder>
	<filename>00010773_017_png.rf.3b22debc074a6a6c52501cb439a7e064.jpg</filename>
	<path>00010773_017_png.rf.3b22debc074a6a6c52501cb439a7e064.jpg</path>
	<source>
		<database>roboflow.com</database>
	</source>
	<size>
		<width>1024</width>
		<height>1024</height>
		<depth>3</depth>
	</size>
	<segmented>0</segmented>
	<object>
		<name>pneumonia</name>
		<pose>Unspecified</pose>
		<truncated>0</truncated>
		<difficult>0</difficult>
		<occluded>0</occluded>
		<bndbox>
			<xmin>281</xmin>
			<xmax>414</xmax>
			<ymin>291</ymin>
			<ymax>708</ymax>
		</bndbox>
	</object>
	<object>
		<name>pneumonia</name>
		<pose>Unspecified</pose>
		<truncated>0</truncated>
		<difficult>0</difficult>
		<occluded>0</occluded>
		<bndbox>
			<xmin>697</xmin>
			<xmax>827</xmax>
			<ymin>313</ymin>
			<ymax>520</ymax>
		</bndbox>
	</object>
</annotation>
