<annotation>
	<folder></folder>
	<filename>00011553_045_png.rf.e28b807a9c2782e856eed04240954cd3.jpg</filename>
	<path>00011553_045_png.rf.e28b807a9c2782e856eed04240954cd3.jpg</path>
	<source>
		<database>roboflow.com</database>
	</source>
	<size>
		<width>1024</width>
		<height>1024</height>
		<depth>3</depth>
	</size>
	<segmented>0</segmented>
	<object>
		<name>nopneumonia</name>
		<pose>Unspecified</pose>
		<truncated>0</truncated>
		<difficult>0</difficult>
		<occluded>0</occluded>
		<bndbox>
			<xmin>259</xmin>
			<xmax>347</xmax>
			<ymin>435</ymin>
			<ymax>593</ymax>
		</bndbox>
	</object>
	<object>
		<name>pneumonia</name>
		<pose>Unspecified</pose>
		<truncated>0</truncated>
		<difficult>0</difficult>
		<occluded>0</occluded>
		<bndbox>
			<xmin>619</xmin>
			<xmax>751</xmax>
			<ymin>388</ymin>
			<ymax>510</ymax>
		</bndbox>
	</object>
</annotation>
