<annotation>
	<folder></folder>
	<filename>00016705_002_png.rf.35b93945dd07fdece66d846db8685f8f.jpg</filename>
	<path>00016705_002_png.rf.35b93945dd07fdece66d846db8685f8f.jpg</path>
	<source>
		<database>roboflow.com</database>
	</source>
	<size>
		<width>1024</width>
		<height>1024</height>
		<depth>3</depth>
	</size>
	<segmented>0</segmented>
	<object>
		<name>nopneumonia</name>
		<pose>Unspecified</pose>
		<truncated>0</truncated>
		<difficult>0</difficult>
		<occluded>0</occluded>
		<bndbox>
			<xmin>236</xmin>
			<xmax>411</xmax>
			<ymin>180</ymin>
			<ymax>518</ymax>
		</bndbox>
	</object>
	<object>
		<name>nopneumonia</name>
		<pose>Unspecified</pose>
		<truncated>0</truncated>
		<difficult>0</difficult>
		<occluded>0</occluded>
		<bndbox>
			<xmin>655</xmin>
			<xmax>833</xmax>
			<ymin>203</ymin>
			<ymax>618</ymax>
		</bndbox>
	</object>
</annotation>
