<annotation>
	<folder></folder>
	<filename>00013272_005_png.rf.69e0665f7cd5cc217f4f9f454f4fb91a.jpg</filename>
	<path>00013272_005_png.rf.69e0665f7cd5cc217f4f9f454f4fb91a.jpg</path>
	<source>
		<database>roboflow.com</database>
	</source>
	<size>
		<width>1024</width>
		<height>1024</height>
		<depth>3</depth>
	</size>
	<segmented>0</segmented>
	<object>
		<name>nopneumonia</name>
		<pose>Unspecified</pose>
		<truncated>0</truncated>
		<difficult>0</difficult>
		<occluded>0</occluded>
		<bndbox>
			<xmin>210</xmin>
			<xmax>324</xmax>
			<ymin>268</ymin>
			<ymax>730</ymax>
		</bndbox>
	</object>
	<object>
		<name>pneumonia</name>
		<pose>Unspecified</pose>
		<truncated>0</truncated>
		<difficult>0</difficult>
		<occluded>0</occluded>
		<bndbox>
			<xmin>683</xmin>
			<xmax>842</xmax>
			<ymin>549</ymin>
			<ymax>850</ymax>
		</bndbox>
	</object>
</annotation>
