<annotation>
	<folder></folder>
	<filename>00012158_025_png.rf.d1cd7fbabe6b8f4755390e9aa39466c9.jpg</filename>
	<path>00012158_025_png.rf.d1cd7fbabe6b8f4755390e9aa39466c9.jpg</path>
	<source>
		<database>roboflow.com</database>
	</source>
	<size>
		<width>1024</width>
		<height>1024</height>
		<depth>3</depth>
	</size>
	<segmented>0</segmented>
	<object>
		<name>nopneumonia</name>
		<pose>Unspecified</pose>
		<truncated>0</truncated>
		<difficult>0</difficult>
		<occluded>0</occluded>
		<bndbox>
			<xmin>320</xmin>
			<xmax>434</xmax>
			<ymin>247</ymin>
			<ymax>654</ymax>
		</bndbox>
	</object>
	<object>
		<name>nopneumonia</name>
		<pose>Unspecified</pose>
		<truncated>0</truncated>
		<difficult>0</difficult>
		<occluded>0</occluded>
		<bndbox>
			<xmin>709</xmin>
			<xmax>820</xmax>
			<ymin>258</ymin>
			<ymax>674</ymax>
		</bndbox>
	</object>
</annotation>
