<annotation>
	<folder></folder>
	<filename>00011188_002_png.rf.2a1434633410f7d9dde50b178ff36320.jpg</filename>
	<path>00011188_002_png.rf.2a1434633410f7d9dde50b178ff36320.jpg</path>
	<source>
		<database>roboflow.com</database>
	</source>
	<size>
		<width>1024</width>
		<height>1024</height>
		<depth>3</depth>
	</size>
	<segmented>0</segmented>
	<object>
		<name>nopneumonia</name>
		<pose>Unspecified</pose>
		<truncated>0</truncated>
		<difficult>0</difficult>
		<occluded>0</occluded>
		<bndbox>
			<xmin>115</xmin>
			<xmax>255</xmax>
			<ymin>245</ymin>
			<ymax>540</ymax>
		</bndbox>
	</object>
	<object>
		<name>nopneumonia</name>
		<pose>Unspecified</pose>
		<truncated>0</truncated>
		<difficult>0</difficult>
		<occluded>0</occluded>
		<bndbox>
			<xmin>637</xmin>
			<xmax>793</xmax>
			<ymin>265</ymin>
			<ymax>473</ymax>
		</bndbox>
	</object>
</annotation>
