<annotation>
	<folder></folder>
	<filename>00012777_005_png.rf.ccf7bd0d5d1c4f93053766c5880a901a.jpg</filename>
	<path>00012777_005_png.rf.ccf7bd0d5d1c4f93053766c5880a901a.jpg</path>
	<source>
		<database>roboflow.com</database>
	</source>
	<size>
		<width>1024</width>
		<height>1024</height>
		<depth>3</depth>
	</size>
	<segmented>0</segmented>
	<object>
		<name>pneumonia</name>
		<pose>Unspecified</pose>
		<truncated>0</truncated>
		<difficult>0</difficult>
		<occluded>0</occluded>
		<bndbox>
			<xmin>181</xmin>
			<xmax>353</xmax>
			<ymin>383</ymin>
			<ymax>890</ymax>
		</bndbox>
	</object>
	<object>
		<name>pneumonia</name>
		<pose>Unspecified</pose>
		<truncated>0</truncated>
		<difficult>0</difficult>
		<occluded>0</occluded>
		<bndbox>
			<xmin>713</xmin>
			<xmax>884</xmax>
			<ymin>379</ymin>
			<ymax>662</ymax>
		</bndbox>
	</object>
</annotation>
