<annotation>
	<folder></folder>
	<filename>00014958_001_png.rf.7aed90ec029d748a8486ad959fa5df33.jpg</filename>
	<path>00014958_001_png.rf.7aed90ec029d748a8486ad959fa5df33.jpg</path>
	<source>
		<database>roboflow.com</database>
	</source>
	<size>
		<width>1024</width>
		<height>1024</height>
		<depth>3</depth>
	</size>
	<segmented>0</segmented>
	<object>
		<name>pneumonia</name>
		<pose>Unspecified</pose>
		<truncated>0</truncated>
		<difficult>0</difficult>
		<occluded>0</occluded>
		<bndbox>
			<xmin>188</xmin>
			<xmax>366</xmax>
			<ymin>335</ymin>
			<ymax>468</ymax>
		</bndbox>
	</object>
	<object>
		<name>pneumonia</name>
		<pose>Unspecified</pose>
		<truncated>0</truncated>
		<difficult>0</difficult>
		<occluded>0</occluded>
		<bndbox>
			<xmin>669</xmin>
			<xmax>848</xmax>
			<ymin>279</ymin>
			<ymax>427</ymax>
		</bndbox>
	</object>
</annotation>
