<annotation>
	<folder></folder>
	<filename>00013779_000_png.rf.229b048a49f5e236a59fba9808099d3a.jpg</filename>
	<path>00013779_000_png.rf.229b048a49f5e236a59fba9808099d3a.jpg</path>
	<source>
		<database>roboflow.com</database>
	</source>
	<size>
		<width>1024</width>
		<height>1024</height>
		<depth>3</depth>
	</size>
	<segmented>0</segmented>
	<object>
		<name>nopneumonia</name>
		<pose>Unspecified</pose>
		<truncated>0</truncated>
		<difficult>0</difficult>
		<occluded>0</occluded>
		<bndbox>
			<xmin>279</xmin>
			<xmax>427</xmax>
			<ymin>289</ymin>
			<ymax>719</ymax>
		</bndbox>
	</object>
	<object>
		<name>nopneumonia</name>
		<pose>Unspecified</pose>
		<truncated>0</truncated>
		<difficult>0</difficult>
		<occluded>0</occluded>
		<bndbox>
			<xmin>705</xmin>
			<xmax>918</xmax>
			<ymin>331</ymin>
			<ymax>791</ymax>
		</bndbox>
	</object>
</annotation>
