<annotation>
	<folder></folder>
	<filename>00011966_007_png.rf.3717bbb806aa36df069e62d5ed439eb9.jpg</filename>
	<path>00011966_007_png.rf.3717bbb806aa36df069e62d5ed439eb9.jpg</path>
	<source>
		<database>roboflow.com</database>
	</source>
	<size>
		<width>1024</width>
		<height>1024</height>
		<depth>3</depth>
	</size>
	<segmented>0</segmented>
	<object>
		<name>pneumonia</name>
		<pose>Unspecified</pose>
		<truncated>0</truncated>
		<difficult>0</difficult>
		<occluded>0</occluded>
		<bndbox>
			<xmin>312</xmin>
			<xmax>497</xmax>
			<ymin>348</ymin>
			<ymax>561</ymax>
		</bndbox>
	</object>
	<object>
		<name>pneumonia</name>
		<pose>Unspecified</pose>
		<truncated>0</truncated>
		<difficult>0</difficult>
		<occluded>0</occluded>
		<bndbox>
			<xmin>767</xmin>
			<xmax>942</xmax>
			<ymin>357</ymin>
			<ymax>581</ymax>
		</bndbox>
	</object>
</annotation>
