<annotation>
	<folder></folder>
	<filename>00012667_000_png.rf.a22b4828d60b80804b3bb7608aab0f1f.jpg</filename>
	<path>00012667_000_png.rf.a22b4828d60b80804b3bb7608aab0f1f.jpg</path>
	<source>
		<database>roboflow.com</database>
	</source>
	<size>
		<width>1024</width>
		<height>1024</height>
		<depth>3</depth>
	</size>
	<segmented>0</segmented>
	<object>
		<name>nopneumonia</name>
		<pose>Unspecified</pose>
		<truncated>0</truncated>
		<difficult>0</difficult>
		<occluded>0</occluded>
		<bndbox>
			<xmin>275</xmin>
			<xmax>403</xmax>
			<ymin>353</ymin>
			<ymax>653</ymax>
		</bndbox>
	</object>
	<object>
		<name>nopneumonia</name>
		<pose>Unspecified</pose>
		<truncated>0</truncated>
		<difficult>0</difficult>
		<occluded>0</occluded>
		<bndbox>
			<xmin>659</xmin>
			<xmax>794</xmax>
			<ymin>356</ymin>
			<ymax>671</ymax>
		</bndbox>
	</object>
</annotation>
