<annotation>
	<folder></folder>
	<filename>00015442_001_png.rf.bbe02996747e65d045d58d1255b1a794.jpg</filename>
	<path>00015442_001_png.rf.bbe02996747e65d045d58d1255b1a794.jpg</path>
	<source>
		<database>roboflow.com</database>
	</source>
	<size>
		<width>1024</width>
		<height>1024</height>
		<depth>3</depth>
	</size>
	<segmented>0</segmented>
	<object>
		<name>nopneumonia</name>
		<pose>Unspecified</pose>
		<truncated>0</truncated>
		<difficult>0</difficult>
		<occluded>0</occluded>
		<bndbox>
			<xmin>237</xmin>
			<xmax>405</xmax>
			<ymin>297</ymin>
			<ymax>681</ymax>
		</bndbox>
	</object>
	<object>
		<name>nopneumonia</name>
		<pose>Unspecified</pose>
		<truncated>0</truncated>
		<difficult>0</difficult>
		<occluded>0</occluded>
		<bndbox>
			<xmin>665</xmin>
			<xmax>841</xmax>
			<ymin>279</ymin>
			<ymax>609</ymax>
		</bndbox>
	</object>
</annotation>
