<annotation>
	<folder></folder>
	<filename>00015338_015_png.rf.dcfe0d494724d473c0fd5a68955a3749.jpg</filename>
	<path>00015338_015_png.rf.dcfe0d494724d473c0fd5a68955a3749.jpg</path>
	<source>
		<database>roboflow.com</database>
	</source>
	<size>
		<width>1024</width>
		<height>1024</height>
		<depth>3</depth>
	</size>
	<segmented>0</segmented>
	<object>
		<name>pneumonia</name>
		<pose>Unspecified</pose>
		<truncated>0</truncated>
		<difficult>0</difficult>
		<occluded>0</occluded>
		<bndbox>
			<xmin>201</xmin>
			<xmax>366</xmax>
			<ymin>403</ymin>
			<ymax>675</ymax>
		</bndbox>
	</object>
	<object>
		<name>pneumonia</name>
		<pose>Unspecified</pose>
		<truncated>0</truncated>
		<difficult>0</difficult>
		<occluded>0</occluded>
		<bndbox>
			<xmin>687</xmin>
			<xmax>862</xmax>
			<ymin>413</ymin>
			<ymax>716</ymax>
		</bndbox>
	</object>
</annotation>
