<annotation>
	<folder></folder>
	<filename>00012158_021_png.rf.3912d7cd9ba21f7937ac318dbd48bcef.jpg</filename>
	<path>00012158_021_png.rf.3912d7cd9ba21f7937ac318dbd48bcef.jpg</path>
	<source>
		<database>roboflow.com</database>
	</source>
	<size>
		<width>1024</width>
		<height>1024</height>
		<depth>3</depth>
	</size>
	<segmented>0</segmented>
	<object>
		<name>nopneumonia</name>
		<pose>Unspecified</pose>
		<truncated>0</truncated>
		<difficult>0</difficult>
		<occluded>0</occluded>
		<bndbox>
			<xmin>204</xmin>
			<xmax>366</xmax>
			<ymin>240</ymin>
			<ymax>624</ymax>
		</bndbox>
	</object>
	<object>
		<name>nopneumonia</name>
		<pose>Unspecified</pose>
		<truncated>0</truncated>
		<difficult>0</difficult>
		<occluded>0</occluded>
		<bndbox>
			<xmin>750</xmin>
			<xmax>918</xmax>
			<ymin>211</ymin>
			<ymax>627</ymax>
		</bndbox>
	</object>
</annotation>
