<annotation>
	<folder></folder>
	<filename>00013625_069_png.rf.c5b8e8bed0eb6a28e8f8f9f6ec96d903.jpg</filename>
	<path>00013625_069_png.rf.c5b8e8bed0eb6a28e8f8f9f6ec96d903.jpg</path>
	<source>
		<database>roboflow.com</database>
	</source>
	<size>
		<width>1024</width>
		<height>1024</height>
		<depth>3</depth>
	</size>
	<segmented>0</segmented>
	<object>
		<name>pneumonia</name>
		<pose>Unspecified</pose>
		<truncated>0</truncated>
		<difficult>0</difficult>
		<occluded>0</occluded>
		<bndbox>
			<xmin>185</xmin>
			<xmax>340</xmax>
			<ymin>471</ymin>
			<ymax>746</ymax>
		</bndbox>
	</object>
	<object>
		<name>pneumonia</name>
		<pose>Unspecified</pose>
		<truncated>0</truncated>
		<difficult>0</difficult>
		<occluded>0</occluded>
		<bndbox>
			<xmin>659</xmin>
			<xmax>810</xmax>
			<ymin>467</ymin>
			<ymax>641</ymax>
		</bndbox>
	</object>
</annotation>
