<annotation>
	<folder></folder>
	<filename>00014616_011_png.rf.22fe27934fd41deb3adfd2c22589b7f9.jpg</filename>
	<path>00014616_011_png.rf.22fe27934fd41deb3adfd2c22589b7f9.jpg</path>
	<source>
		<database>roboflow.com</database>
	</source>
	<size>
		<width>1024</width>
		<height>1024</height>
		<depth>3</depth>
	</size>
	<segmented>0</segmented>
	<object>
		<name>nopneumonia</name>
		<pose>Unspecified</pose>
		<truncated>0</truncated>
		<difficult>0</difficult>
		<occluded>0</occluded>
		<bndbox>
			<xmin>268</xmin>
			<xmax>447</xmax>
			<ymin>89</ymin>
			<ymax>483</ymax>
		</bndbox>
	</object>
	<object>
		<name>nopneumonia</name>
		<pose>Unspecified</pose>
		<truncated>0</truncated>
		<difficult>0</difficult>
		<occluded>0</occluded>
		<bndbox>
			<xmin>837</xmin>
			<xmax>1025</xmax>
			<ymin>159</ymin>
			<ymax>338</ymax>
		</bndbox>
	</object>
</annotation>
