<annotation>
	<folder></folder>
	<filename>00015605_051_png.rf.af5eaf235b54e03b979962d82576a12d.jpg</filename>
	<path>00015605_051_png.rf.af5eaf235b54e03b979962d82576a12d.jpg</path>
	<source>
		<database>roboflow.com</database>
	</source>
	<size>
		<width>1024</width>
		<height>1024</height>
		<depth>3</depth>
	</size>
	<segmented>0</segmented>
	<object>
		<name>pneumonia</name>
		<pose>Unspecified</pose>
		<truncated>0</truncated>
		<difficult>0</difficult>
		<occluded>0</occluded>
		<bndbox>
			<xmin>190</xmin>
			<xmax>350</xmax>
			<ymin>280</ymin>
			<ymax>697</ymax>
		</bndbox>
	</object>
	<object>
		<name>pneumonia</name>
		<pose>Unspecified</pose>
		<truncated>0</truncated>
		<difficult>0</difficult>
		<occluded>0</occluded>
		<bndbox>
			<xmin>543</xmin>
			<xmax>725</xmax>
			<ymin>303</ymin>
			<ymax>736</ymax>
		</bndbox>
	</object>
</annotation>
