<annotation>
	<folder></folder>
	<filename>00014414_007_png.rf.14e829ecd90e2709fdefb0675e1b35ac.jpg</filename>
	<path>00014414_007_png.rf.14e829ecd90e2709fdefb0675e1b35ac.jpg</path>
	<source>
		<database>roboflow.com</database>
	</source>
	<size>
		<width>1024</width>
		<height>1024</height>
		<depth>3</depth>
	</size>
	<segmented>0</segmented>
	<object>
		<name>pneumonia</name>
		<pose>Unspecified</pose>
		<truncated>0</truncated>
		<difficult>0</difficult>
		<occluded>0</occluded>
		<bndbox>
			<xmin>210</xmin>
			<xmax>373</xmax>
			<ymin>154</ymin>
			<ymax>577</ymax>
		</bndbox>
	</object>
	<object>
		<name>pneumonia</name>
		<pose>Unspecified</pose>
		<truncated>0</truncated>
		<difficult>0</difficult>
		<occluded>0</occluded>
		<bndbox>
			<xmin>683</xmin>
			<xmax>882</xmax>
			<ymin>415</ymin>
			<ymax>652</ymax>
		</bndbox>
	</object>
</annotation>
