<annotation>
	<folder></folder>
	<filename>00015968_000_png.rf.fd0d248d7eef1f4770e46c18c5ec0e15.jpg</filename>
	<path>00015968_000_png.rf.fd0d248d7eef1f4770e46c18c5ec0e15.jpg</path>
	<source>
		<database>roboflow.com</database>
	</source>
	<size>
		<width>1024</width>
		<height>1024</height>
		<depth>3</depth>
	</size>
	<segmented>0</segmented>
	<object>
		<name>nopneumonia</name>
		<pose>Unspecified</pose>
		<truncated>0</truncated>
		<difficult>0</difficult>
		<occluded>0</occluded>
		<bndbox>
			<xmin>239</xmin>
			<xmax>408</xmax>
			<ymin>163</ymin>
			<ymax>701</ymax>
		</bndbox>
	</object>
	<object>
		<name>nopneumonia</name>
		<pose>Unspecified</pose>
		<truncated>0</truncated>
		<difficult>0</difficult>
		<occluded>0</occluded>
		<bndbox>
			<xmin>667</xmin>
			<xmax>831</xmax>
			<ymin>175</ymin>
			<ymax>737</ymax>
		</bndbox>
	</object>
</annotation>
