<annotation>
	<folder></folder>
	<filename>00013997_000_png.rf.365be7528bf3b8aab4558e3f05d5e462.jpg</filename>
	<path>00013997_000_png.rf.365be7528bf3b8aab4558e3f05d5e462.jpg</path>
	<source>
		<database>roboflow.com</database>
	</source>
	<size>
		<width>1024</width>
		<height>1024</height>
		<depth>3</depth>
	</size>
	<segmented>0</segmented>
	<object>
		<name>nopneumonia</name>
		<pose>Unspecified</pose>
		<truncated>0</truncated>
		<difficult>0</difficult>
		<occluded>0</occluded>
		<bndbox>
			<xmin>215</xmin>
			<xmax>413</xmax>
			<ymin>205</ymin>
			<ymax>604</ymax>
		</bndbox>
	</object>
	<object>
		<name>nopneumonia</name>
		<pose>Unspecified</pose>
		<truncated>0</truncated>
		<difficult>0</difficult>
		<occluded>0</occluded>
		<bndbox>
			<xmin>709</xmin>
			<xmax>936</xmax>
			<ymin>223</ymin>
			<ymax>658</ymax>
		</bndbox>
	</object>
</annotation>
