<annotation>
	<folder></folder>
	<filename>00014072_002_png.rf.2b810fe415d52e7fffec6cc737a61842.jpg</filename>
	<path>00014072_002_png.rf.2b810fe415d52e7fffec6cc737a61842.jpg</path>
	<source>
		<database>roboflow.com</database>
	</source>
	<size>
		<width>1024</width>
		<height>1024</height>
		<depth>3</depth>
	</size>
	<segmented>0</segmented>
	<object>
		<name>pneumonia</name>
		<pose>Unspecified</pose>
		<truncated>0</truncated>
		<difficult>0</difficult>
		<occluded>0</occluded>
		<bndbox>
			<xmin>295</xmin>
			<xmax>442</xmax>
			<ymin>403</ymin>
			<ymax>542</ymax>
		</bndbox>
	</object>
	<object>
		<name>pneumonia</name>
		<pose>Unspecified</pose>
		<truncated>0</truncated>
		<difficult>0</difficult>
		<occluded>0</occluded>
		<bndbox>
			<xmin>209</xmin>
			<xmax>411</xmax>
			<ymin>593</ymin>
			<ymax>691</ymax>
		</bndbox>
	</object>
	<object>
		<name>nopneumonia</name>
		<pose>Unspecified</pose>
		<truncated>0</truncated>
		<difficult>0</difficult>
		<occluded>0</occluded>
		<bndbox>
			<xmin>707</xmin>
			<xmax>932</xmax>
			<ymin>305</ymin>
			<ymax>750</ymax>
		</bndbox>
	</object>
</annotation>
