<annotation>
	<folder></folder>
	<filename>00010544_000_png.rf.461c19dee10b140ce68dd415c2f42b35.jpg</filename>
	<path>00010544_000_png.rf.461c19dee10b140ce68dd415c2f42b35.jpg</path>
	<source>
		<database>roboflow.com</database>
	</source>
	<size>
		<width>1024</width>
		<height>1024</height>
		<depth>3</depth>
	</size>
	<segmented>0</segmented>
	<object>
		<name>pneumonia</name>
		<pose>Unspecified</pose>
		<truncated>0</truncated>
		<difficult>0</difficult>
		<occluded>0</occluded>
		<bndbox>
			<xmin>183</xmin>
			<xmax>337</xmax>
			<ymin>385</ymin>
			<ymax>666</ymax>
		</bndbox>
	</object>
	<object>
		<name>pneumonia</name>
		<pose>Unspecified</pose>
		<truncated>0</truncated>
		<difficult>0</difficult>
		<occluded>0</occluded>
		<bndbox>
			<xmin>645</xmin>
			<xmax>812</xmax>
			<ymin>267</ymin>
			<ymax>475</ymax>
		</bndbox>
	</object>
</annotation>
