<annotation>
	<folder></folder>
	<filename>00013447_012_png.rf.abbd9337f1f2d96f9cfef8491853dc13.jpg</filename>
	<path>00013447_012_png.rf.abbd9337f1f2d96f9cfef8491853dc13.jpg</path>
	<source>
		<database>roboflow.com</database>
	</source>
	<size>
		<width>1024</width>
		<height>1024</height>
		<depth>3</depth>
	</size>
	<segmented>0</segmented>
	<object>
		<name>nopneumonia</name>
		<pose>Unspecified</pose>
		<truncated>0</truncated>
		<difficult>0</difficult>
		<occluded>0</occluded>
		<bndbox>
			<xmin>315</xmin>
			<xmax>391</xmax>
			<ymin>200</ymin>
			<ymax>616</ymax>
		</bndbox>
	</object>
	<object>
		<name>nopneumonia</name>
		<pose>Unspecified</pose>
		<truncated>0</truncated>
		<difficult>0</difficult>
		<occluded>0</occluded>
		<bndbox>
			<xmin>667</xmin>
			<xmax>786</xmax>
			<ymin>253</ymin>
			<ymax>511</ymax>
		</bndbox>
	</object>
</annotation>
