<annotation>
	<folder></folder>
	<filename>00016011_011_png.rf.2cef3718702b92d2fdcd1c368b211af6.jpg</filename>
	<path>00016011_011_png.rf.2cef3718702b92d2fdcd1c368b211af6.jpg</path>
	<source>
		<database>roboflow.com</database>
	</source>
	<size>
		<width>1024</width>
		<height>1024</height>
		<depth>3</depth>
	</size>
	<segmented>0</segmented>
	<object>
		<name>nopneumonia</name>
		<pose>Unspecified</pose>
		<truncated>0</truncated>
		<difficult>0</difficult>
		<occluded>0</occluded>
		<bndbox>
			<xmin>237</xmin>
			<xmax>391</xmax>
			<ymin>351</ymin>
			<ymax>664</ymax>
		</bndbox>
	</object>
	<object>
		<name>pneumonia</name>
		<pose>Unspecified</pose>
		<truncated>0</truncated>
		<difficult>0</difficult>
		<occluded>0</occluded>
		<bndbox>
			<xmin>735</xmin>
			<xmax>859</xmax>
			<ymin>485</ymin>
			<ymax>633</ymax>
		</bndbox>
	</object>
</annotation>
