<annotation>
	<folder></folder>
	<filename>00010544_007_png.rf.a7621bf500045a6c3397e6dbb1b6ed88.jpg</filename>
	<path>00010544_007_png.rf.a7621bf500045a6c3397e6dbb1b6ed88.jpg</path>
	<source>
		<database>roboflow.com</database>
	</source>
	<size>
		<width>1024</width>
		<height>1024</height>
		<depth>3</depth>
	</size>
	<segmented>0</segmented>
	<object>
		<name>pneumonia</name>
		<pose>Unspecified</pose>
		<truncated>0</truncated>
		<difficult>0</difficult>
		<occluded>0</occluded>
		<bndbox>
			<xmin>226</xmin>
			<xmax>363</xmax>
			<ymin>287</ymin>
			<ymax>614</ymax>
		</bndbox>
	</object>
</annotation>
