<annotation>
	<folder></folder>
	<filename>00011966_006_png.rf.dad24469fcd3d7d3932ae7f53490314e.jpg</filename>
	<path>00011966_006_png.rf.dad24469fcd3d7d3932ae7f53490314e.jpg</path>
	<source>
		<database>roboflow.com</database>
	</source>
	<size>
		<width>1024</width>
		<height>1024</height>
		<depth>3</depth>
	</size>
	<segmented>0</segmented>
	<object>
		<name>pneumonia</name>
		<pose>Unspecified</pose>
		<truncated>0</truncated>
		<difficult>0</difficult>
		<occluded>0</occluded>
		<bndbox>
			<xmin>61</xmin>
			<xmax>203</xmax>
			<ymin>237</ymin>
			<ymax>454</ymax>
		</bndbox>
	</object>
	<object>
		<name>pneumonia</name>
		<pose>Unspecified</pose>
		<truncated>0</truncated>
		<difficult>0</difficult>
		<occluded>0</occluded>
		<bndbox>
			<xmin>621</xmin>
			<xmax>792</xmax>
			<ymin>221</ymin>
			<ymax>523</ymax>
		</bndbox>
	</object>
</annotation>
