<annotation>
	<folder></folder>
	<filename>00013615_004_png.rf.843e409fd30b53629298743e3704d5d4.jpg</filename>
	<path>00013615_004_png.rf.843e409fd30b53629298743e3704d5d4.jpg</path>
	<source>
		<database>roboflow.com</database>
	</source>
	<size>
		<width>1024</width>
		<height>1024</height>
		<depth>3</depth>
	</size>
	<segmented>0</segmented>
	<object>
		<name>nopneumonia</name>
		<pose>Unspecified</pose>
		<truncated>0</truncated>
		<difficult>0</difficult>
		<occluded>0</occluded>
		<bndbox>
			<xmin>126</xmin>
			<xmax>209</xmax>
			<ymin>466</ymin>
			<ymax>653</ymax>
		</bndbox>
	</object>
	<object>
		<name>nopneumonia</name>
		<pose>Unspecified</pose>
		<truncated>0</truncated>
		<difficult>0</difficult>
		<occluded>0</occluded>
		<bndbox>
			<xmin>543</xmin>
			<xmax>635</xmax>
			<ymin>463</ymin>
			<ymax>563</ymax>
		</bndbox>
	</object>
</annotation>
