<annotation>
	<folder></folder>
	<filename>00012297_004_png.rf.d13d49f58b77c18948b376428eb3173e.jpg</filename>
	<path>00012297_004_png.rf.d13d49f58b77c18948b376428eb3173e.jpg</path>
	<source>
		<database>roboflow.com</database>
	</source>
	<size>
		<width>1024</width>
		<height>1024</height>
		<depth>3</depth>
	</size>
	<segmented>0</segmented>
	<object>
		<name>nopneumonia</name>
		<pose>Unspecified</pose>
		<truncated>0</truncated>
		<difficult>0</difficult>
		<occluded>0</occluded>
		<bndbox>
			<xmin>294</xmin>
			<xmax>428</xmax>
			<ymin>197</ymin>
			<ymax>555</ymax>
		</bndbox>
	</object>
	<object>
		<name>nopneumonia</name>
		<pose>Unspecified</pose>
		<truncated>0</truncated>
		<difficult>0</difficult>
		<occluded>0</occluded>
		<bndbox>
			<xmin>752</xmin>
			<xmax>857</xmax>
			<ymin>221</ymin>
			<ymax>625</ymax>
		</bndbox>
	</object>
</annotation>
