<annotation>
	<folder></folder>
	<filename>00015018_003_png.rf.1b529a9394e701e6204e129f87a244b0.jpg</filename>
	<path>00015018_003_png.rf.1b529a9394e701e6204e129f87a244b0.jpg</path>
	<source>
		<database>roboflow.com</database>
	</source>
	<size>
		<width>1024</width>
		<height>1024</height>
		<depth>3</depth>
	</size>
	<segmented>0</segmented>
	<object>
		<name>pneumonia</name>
		<pose>Unspecified</pose>
		<truncated>0</truncated>
		<difficult>0</difficult>
		<occluded>0</occluded>
		<bndbox>
			<xmin>151</xmin>
			<xmax>353</xmax>
			<ymin>303</ymin>
			<ymax>463</ymax>
		</bndbox>
	</object>
	<object>
		<name>pneumonia</name>
		<pose>Unspecified</pose>
		<truncated>0</truncated>
		<difficult>0</difficult>
		<occluded>0</occluded>
		<bndbox>
			<xmin>617</xmin>
			<xmax>806</xmax>
			<ymin>257</ymin>
			<ymax>425</ymax>
		</bndbox>
	</object>
</annotation>
