<annotation>
	<folder></folder>
	<filename>00013070_000_png.rf.493e72d86950a78218510c499bf3c21f.jpg</filename>
	<path>00013070_000_png.rf.493e72d86950a78218510c499bf3c21f.jpg</path>
	<source>
		<database>roboflow.com</database>
	</source>
	<size>
		<width>1024</width>
		<height>1024</height>
		<depth>3</depth>
	</size>
	<segmented>0</segmented>
	<object>
		<name>nopneumonia</name>
		<pose>Unspecified</pose>
		<truncated>0</truncated>
		<difficult>0</difficult>
		<occluded>0</occluded>
		<bndbox>
			<xmin>257</xmin>
			<xmax>374</xmax>
			<ymin>259</ymin>
			<ymax>636</ymax>
		</bndbox>
	</object>
	<object>
		<name>nopneumonia</name>
		<pose>Unspecified</pose>
		<truncated>0</truncated>
		<difficult>0</difficult>
		<occluded>0</occluded>
		<bndbox>
			<xmin>744</xmin>
			<xmax>841</xmax>
			<ymin>286</ymin>
			<ymax>695</ymax>
		</bndbox>
	</object>
</annotation>
