<annotation>
	<folder></folder>
	<filename>00014022_102_png.rf.c6bc1783a437b322da528890efce2cec.jpg</filename>
	<path>00014022_102_png.rf.c6bc1783a437b322da528890efce2cec.jpg</path>
	<source>
		<database>roboflow.com</database>
	</source>
	<size>
		<width>1024</width>
		<height>1024</height>
		<depth>3</depth>
	</size>
	<segmented>0</segmented>
	<object>
		<name>pneumonia</name>
		<pose>Unspecified</pose>
		<truncated>0</truncated>
		<difficult>0</difficult>
		<occluded>0</occluded>
		<bndbox>
			<xmin>173</xmin>
			<xmax>392</xmax>
			<ymin>235</ymin>
			<ymax>899</ymax>
		</bndbox>
	</object>
	<object>
		<name>pneumonia</name>
		<pose>Unspecified</pose>
		<truncated>0</truncated>
		<difficult>0</difficult>
		<occluded>0</occluded>
		<bndbox>
			<xmin>647</xmin>
			<xmax>780</xmax>
			<ymin>505</ymin>
			<ymax>677</ymax>
		</bndbox>
	</object>
</annotation>
