<annotation>
	<folder></folder>
	<filename>00016362_000_png.rf.8e51d956bc259c95e6776f27ec5af8e3.jpg</filename>
	<path>00016362_000_png.rf.8e51d956bc259c95e6776f27ec5af8e3.jpg</path>
	<source>
		<database>roboflow.com</database>
	</source>
	<size>
		<width>1024</width>
		<height>1024</height>
		<depth>3</depth>
	</size>
	<segmented>0</segmented>
	<object>
		<name>nopneumonia</name>
		<pose>Unspecified</pose>
		<truncated>0</truncated>
		<difficult>0</difficult>
		<occluded>0</occluded>
		<bndbox>
			<xmin>270</xmin>
			<xmax>449</xmax>
			<ymin>174</ymin>
			<ymax>639</ymax>
		</bndbox>
	</object>
	<object>
		<name>nopneumonia</name>
		<pose>Unspecified</pose>
		<truncated>0</truncated>
		<difficult>0</difficult>
		<occluded>0</occluded>
		<bndbox>
			<xmin>719</xmin>
			<xmax>942</xmax>
			<ymin>265</ymin>
			<ymax>700</ymax>
		</bndbox>
	</object>
</annotation>
