<annotation>
	<folder></folder>
	<filename>00013930_001_png.rf.4e8b601d9125eda9e5cfa201eb85223e.jpg</filename>
	<path>00013930_001_png.rf.4e8b601d9125eda9e5cfa201eb85223e.jpg</path>
	<source>
		<database>roboflow.com</database>
	</source>
	<size>
		<width>1024</width>
		<height>1024</height>
		<depth>3</depth>
	</size>
	<segmented>0</segmented>
	<object>
		<name>nopneumonia</name>
		<pose>Unspecified</pose>
		<truncated>0</truncated>
		<difficult>0</difficult>
		<occluded>0</occluded>
		<bndbox>
			<xmin>289</xmin>
			<xmax>458</xmax>
			<ymin>329</ymin>
			<ymax>674</ymax>
		</bndbox>
	</object>
	<object>
		<name>nopneumonia</name>
		<pose>Unspecified</pose>
		<truncated>0</truncated>
		<difficult>0</difficult>
		<occluded>0</occluded>
		<bndbox>
			<xmin>777</xmin>
			<xmax>916</xmax>
			<ymin>317</ymin>
			<ymax>772</ymax>
		</bndbox>
	</object>
</annotation>
