<annotation>
	<folder></folder>
	<filename>00014436_008_png.rf.8b90c7594b9245ad31ba00778ac13790.jpg</filename>
	<path>00014436_008_png.rf.8b90c7594b9245ad31ba00778ac13790.jpg</path>
	<source>
		<database>roboflow.com</database>
	</source>
	<size>
		<width>1024</width>
		<height>1024</height>
		<depth>3</depth>
	</size>
	<segmented>0</segmented>
	<object>
		<name>nopneumonia</name>
		<pose>Unspecified</pose>
		<truncated>0</truncated>
		<difficult>0</difficult>
		<occluded>0</occluded>
		<bndbox>
			<xmin>204</xmin>
			<xmax>331</xmax>
			<ymin>459</ymin>
			<ymax>837</ymax>
		</bndbox>
	</object>
	<object>
		<name>nopneumonia</name>
		<pose>Unspecified</pose>
		<truncated>0</truncated>
		<difficult>0</difficult>
		<occluded>0</occluded>
		<bndbox>
			<xmin>617</xmin>
			<xmax>823</xmax>
			<ymin>313</ymin>
			<ymax>649</ymax>
		</bndbox>
	</object>
</annotation>
