<annotation>
	<folder></folder>
	<filename>00014201_008_png.rf.35c52c47d3c8fe005bb9a24526443671.jpg</filename>
	<path>00014201_008_png.rf.35c52c47d3c8fe005bb9a24526443671.jpg</path>
	<source>
		<database>roboflow.com</database>
	</source>
	<size>
		<width>1024</width>
		<height>1024</height>
		<depth>3</depth>
	</size>
	<segmented>0</segmented>
	<object>
		<name>nopneumonia</name>
		<pose>Unspecified</pose>
		<truncated>0</truncated>
		<difficult>0</difficult>
		<occluded>0</occluded>
		<bndbox>
			<xmin>193</xmin>
			<xmax>355</xmax>
			<ymin>201</ymin>
			<ymax>532</ymax>
		</bndbox>
	</object>
	<object>
		<name>nopneumonia</name>
		<pose>Unspecified</pose>
		<truncated>0</truncated>
		<difficult>0</difficult>
		<occluded>0</occluded>
		<bndbox>
			<xmin>623</xmin>
			<xmax>840</xmax>
			<ymin>161</ymin>
			<ymax>597</ymax>
		</bndbox>
	</object>
</annotation>
