<annotation>
	<folder></folder>
	<filename>00011973_015_png.rf.e42708be67d557766f7fa04dfe61ce73.jpg</filename>
	<path>00011973_015_png.rf.e42708be67d557766f7fa04dfe61ce73.jpg</path>
	<source>
		<database>roboflow.com</database>
	</source>
	<size>
		<width>1024</width>
		<height>1024</height>
		<depth>3</depth>
	</size>
	<segmented>0</segmented>
	<object>
		<name>nopneumonia</name>
		<pose>Unspecified</pose>
		<truncated>0</truncated>
		<difficult>0</difficult>
		<occluded>0</occluded>
		<bndbox>
			<xmin>197</xmin>
			<xmax>320</xmax>
			<ymin>335</ymin>
			<ymax>772</ymax>
		</bndbox>
	</object>
	<object>
		<name>nopneumonia</name>
		<pose>Unspecified</pose>
		<truncated>0</truncated>
		<difficult>0</difficult>
		<occluded>0</occluded>
		<bndbox>
			<xmin>725</xmin>
			<xmax>824</xmax>
			<ymin>363</ymin>
			<ymax>733</ymax>
		</bndbox>
	</object>
</annotation>
