<annotation>
	<folder></folder>
	<filename>00010384_035_png.rf.c8064f8d20e46aaa535544024b99c889.jpg</filename>
	<path>00010384_035_png.rf.c8064f8d20e46aaa535544024b99c889.jpg</path>
	<source>
		<database>roboflow.com</database>
	</source>
	<size>
		<width>1024</width>
		<height>1024</height>
		<depth>3</depth>
	</size>
	<segmented>0</segmented>
	<object>
		<name>nopneumonia</name>
		<pose>Unspecified</pose>
		<truncated>0</truncated>
		<difficult>0</difficult>
		<occluded>0</occluded>
		<bndbox>
			<xmin>186</xmin>
			<xmax>329</xmax>
			<ymin>306</ymin>
			<ymax>529</ymax>
		</bndbox>
	</object>
	<object>
		<name>nopneumonia</name>
		<pose>Unspecified</pose>
		<truncated>0</truncated>
		<difficult>0</difficult>
		<occluded>0</occluded>
		<bndbox>
			<xmin>639</xmin>
			<xmax>759</xmax>
			<ymin>279</ymin>
			<ymax>658</ymax>
		</bndbox>
	</object>
</annotation>
