<annotation>
	<folder></folder>
	<filename>00012094_009_png.rf.494351f9059ae9ef9f0e7c9d87aa868b.jpg</filename>
	<path>00012094_009_png.rf.494351f9059ae9ef9f0e7c9d87aa868b.jpg</path>
	<source>
		<database>roboflow.com</database>
	</source>
	<size>
		<width>1024</width>
		<height>1024</height>
		<depth>3</depth>
	</size>
	<segmented>0</segmented>
	<object>
		<name>pneumonia</name>
		<pose>Unspecified</pose>
		<truncated>0</truncated>
		<difficult>0</difficult>
		<occluded>0</occluded>
		<bndbox>
			<xmin>231</xmin>
			<xmax>335</xmax>
			<ymin>270</ymin>
			<ymax>747</ymax>
		</bndbox>
	</object>
	<object>
		<name>nopneumonia</name>
		<pose>Unspecified</pose>
		<truncated>0</truncated>
		<difficult>0</difficult>
		<occluded>0</occluded>
		<bndbox>
			<xmin>611</xmin>
			<xmax>699</xmax>
			<ymin>285</ymin>
			<ymax>447</ymax>
		</bndbox>
	</object>
</annotation>
