<annotation>
	<folder></folder>
	<filename>00010509_003_png.rf.f82afedd44b470cbdb9a94ae7bd0092b.jpg</filename>
	<path>00010509_003_png.rf.f82afedd44b470cbdb9a94ae7bd0092b.jpg</path>
	<source>
		<database>roboflow.com</database>
	</source>
	<size>
		<width>1024</width>
		<height>1024</height>
		<depth>3</depth>
	</size>
	<segmented>0</segmented>
	<object>
		<name>nopneumonia</name>
		<pose>Unspecified</pose>
		<truncated>0</truncated>
		<difficult>0</difficult>
		<occluded>0</occluded>
		<bndbox>
			<xmin>189</xmin>
			<xmax>345</xmax>
			<ymin>357</ymin>
			<ymax>519</ymax>
		</bndbox>
	</object>
	<object>
		<name>pneumonia</name>
		<pose>Unspecified</pose>
		<truncated>0</truncated>
		<difficult>0</difficult>
		<occluded>0</occluded>
		<bndbox>
			<xmin>703</xmin>
			<xmax>862</xmax>
			<ymin>505</ymin>
			<ymax>716</ymax>
		</bndbox>
	</object>
</annotation>
