<annotation>
	<folder></folder>
	<filename>00011553_007_png.rf.c68a228db017b16e22be5244b410963a.jpg</filename>
	<path>00011553_007_png.rf.c68a228db017b16e22be5244b410963a.jpg</path>
	<source>
		<database>roboflow.com</database>
	</source>
	<size>
		<width>1024</width>
		<height>1024</height>
		<depth>3</depth>
	</size>
	<segmented>0</segmented>
	<object>
		<name>pneumonia</name>
		<pose>Unspecified</pose>
		<truncated>0</truncated>
		<difficult>0</difficult>
		<occluded>0</occluded>
		<bndbox>
			<xmin>197</xmin>
			<xmax>318</xmax>
			<ymin>399</ymin>
			<ymax>639</ymax>
		</bndbox>
	</object>
	<object>
		<name>pneumonia</name>
		<pose>Unspecified</pose>
		<truncated>0</truncated>
		<difficult>0</difficult>
		<occluded>0</occluded>
		<bndbox>
			<xmin>501</xmin>
			<xmax>628</xmax>
			<ymin>305</ymin>
			<ymax>485</ymax>
		</bndbox>
	</object>
</annotation>
