<annotation>
	<folder></folder>
	<filename>00010531_012_png.rf.0c52ee224042e9995d979d038be62e42.jpg</filename>
	<path>00010531_012_png.rf.0c52ee224042e9995d979d038be62e42.jpg</path>
	<source>
		<database>roboflow.com</database>
	</source>
	<size>
		<width>1024</width>
		<height>1024</height>
		<depth>3</depth>
	</size>
	<segmented>0</segmented>
	<object>
		<name>pneumonia</name>
		<pose>Unspecified</pose>
		<truncated>0</truncated>
		<difficult>0</difficult>
		<occluded>0</occluded>
		<bndbox>
			<xmin>192</xmin>
			<xmax>354</xmax>
			<ymin>453</ymin>
			<ymax>639</ymax>
		</bndbox>
	</object>
	<object>
		<name>nopneumonia</name>
		<pose>Unspecified</pose>
		<truncated>0</truncated>
		<difficult>0</difficult>
		<occluded>0</occluded>
		<bndbox>
			<xmin>691</xmin>
			<xmax>823</xmax>
			<ymin>353</ymin>
			<ymax>599</ymax>
		</bndbox>
	</object>
</annotation>
