<annotation>
	<folder></folder>
	<filename>00015806_003_png.rf.1bdaf2135f1af54c739e0e42238a6aee.jpg</filename>
	<path>00015806_003_png.rf.1bdaf2135f1af54c739e0e42238a6aee.jpg</path>
	<source>
		<database>roboflow.com</database>
	</source>
	<size>
		<width>1024</width>
		<height>1024</height>
		<depth>3</depth>
	</size>
	<segmented>0</segmented>
	<object>
		<name>pneumonia</name>
		<pose>Unspecified</pose>
		<truncated>0</truncated>
		<difficult>0</difficult>
		<occluded>0</occluded>
		<bndbox>
			<xmin>155</xmin>
			<xmax>352</xmax>
			<ymin>579</ymin>
			<ymax>779</ymax>
		</bndbox>
	</object>
	<object>
		<name>pneumonia</name>
		<pose>Unspecified</pose>
		<truncated>0</truncated>
		<difficult>0</difficult>
		<occluded>0</occluded>
		<bndbox>
			<xmin>647</xmin>
			<xmax>790</xmax>
			<ymin>567</ymin>
			<ymax>854</ymax>
		</bndbox>
	</object>
</annotation>
