<annotation>
	<folder></folder>
	<filename>00013615_024_png.rf.3d8f5b87ab8b60e7b66f8732f24956c9.jpg</filename>
	<path>00013615_024_png.rf.3d8f5b87ab8b60e7b66f8732f24956c9.jpg</path>
	<source>
		<database>roboflow.com</database>
	</source>
	<size>
		<width>1024</width>
		<height>1024</height>
		<depth>3</depth>
	</size>
	<segmented>0</segmented>
	<object>
		<name>pneumonia</name>
		<pose>Unspecified</pose>
		<truncated>0</truncated>
		<difficult>0</difficult>
		<occluded>0</occluded>
		<bndbox>
			<xmin>241</xmin>
			<xmax>357</xmax>
			<ymin>441</ymin>
			<ymax>604</ymax>
		</bndbox>
	</object>
	<object>
		<name>pneumonia</name>
		<pose>Unspecified</pose>
		<truncated>0</truncated>
		<difficult>0</difficult>
		<occluded>0</occluded>
		<bndbox>
			<xmin>679</xmin>
			<xmax>763</xmax>
			<ymin>409</ymin>
			<ymax>557</ymax>
		</bndbox>
	</object>
</annotation>
