<annotation>
	<folder></folder>
	<filename>00014294_011_png.rf.4d4efce9c0bfe9242838c068b10ccdc5.jpg</filename>
	<path>00014294_011_png.rf.4d4efce9c0bfe9242838c068b10ccdc5.jpg</path>
	<source>
		<database>roboflow.com</database>
	</source>
	<size>
		<width>1024</width>
		<height>1024</height>
		<depth>3</depth>
	</size>
	<segmented>0</segmented>
	<object>
		<name>nopneumonia</name>
		<pose>Unspecified</pose>
		<truncated>0</truncated>
		<difficult>0</difficult>
		<occluded>0</occluded>
		<bndbox>
			<xmin>179</xmin>
			<xmax>350</xmax>
			<ymin>247</ymin>
			<ymax>660</ymax>
		</bndbox>
	</object>
	<object>
		<name>nopneumonia</name>
		<pose>Unspecified</pose>
		<truncated>0</truncated>
		<difficult>0</difficult>
		<occluded>0</occluded>
		<bndbox>
			<xmin>667</xmin>
			<xmax>881</xmax>
			<ymin>251</ymin>
			<ymax>657</ymax>
		</bndbox>
	</object>
</annotation>
