<annotation>
	<folder></folder>
	<filename>00010375_000_png.rf.4251af2346e46bb084a5feca40bbc85c.jpg</filename>
	<path>00010375_000_png.rf.4251af2346e46bb084a5feca40bbc85c.jpg</path>
	<source>
		<database>roboflow.com</database>
	</source>
	<size>
		<width>1024</width>
		<height>1024</height>
		<depth>3</depth>
	</size>
	<segmented>0</segmented>
	<object>
		<name>pneumonia</name>
		<pose>Unspecified</pose>
		<truncated>0</truncated>
		<difficult>0</difficult>
		<occluded>0</occluded>
		<bndbox>
			<xmin>204</xmin>
			<xmax>338</xmax>
			<ymin>513</ymin>
			<ymax>756</ymax>
		</bndbox>
	</object>
	<object>
		<name>nopneumonia</name>
		<pose>Unspecified</pose>
		<truncated>0</truncated>
		<difficult>0</difficult>
		<occluded>0</occluded>
		<bndbox>
			<xmin>719</xmin>
			<xmax>853</xmax>
			<ymin>369</ymin>
			<ymax>763</ymax>
		</bndbox>
	</object>
</annotation>
