<annotation>
	<folder></folder>
	<filename>00015734_000_png.rf.b16cdaa31d066b58aa3e3602078809dd.jpg</filename>
	<path>00015734_000_png.rf.b16cdaa31d066b58aa3e3602078809dd.jpg</path>
	<source>
		<database>roboflow.com</database>
	</source>
	<size>
		<width>1024</width>
		<height>1024</height>
		<depth>3</depth>
	</size>
	<segmented>0</segmented>
	<object>
		<name>nopneumonia</name>
		<pose>Unspecified</pose>
		<truncated>0</truncated>
		<difficult>0</difficult>
		<occluded>0</occluded>
		<bndbox>
			<xmin>221</xmin>
			<xmax>387</xmax>
			<ymin>191</ymin>
			<ymax>594</ymax>
		</bndbox>
	</object>
	<object>
		<name>nopneumonia</name>
		<pose>Unspecified</pose>
		<truncated>0</truncated>
		<difficult>0</difficult>
		<occluded>0</occluded>
		<bndbox>
			<xmin>727</xmin>
			<xmax>905</xmax>
			<ymin>225</ymin>
			<ymax>662</ymax>
		</bndbox>
	</object>
</annotation>
