<annotation>
	<folder></folder>
	<filename>00016205_000_png.rf.ff1c7e075e8381256a5ab48c149d1565.jpg</filename>
	<path>00016205_000_png.rf.ff1c7e075e8381256a5ab48c149d1565.jpg</path>
	<source>
		<database>roboflow.com</database>
	</source>
	<size>
		<width>1024</width>
		<height>1024</height>
		<depth>3</depth>
	</size>
	<segmented>0</segmented>
	<object>
		<name>nopneumonia</name>
		<pose>Unspecified</pose>
		<truncated>0</truncated>
		<difficult>0</difficult>
		<occluded>0</occluded>
		<bndbox>
			<xmin>275</xmin>
			<xmax>387</xmax>
			<ymin>257</ymin>
			<ymax>666</ymax>
		</bndbox>
	</object>
	<object>
		<name>nopneumonia</name>
		<pose>Unspecified</pose>
		<truncated>0</truncated>
		<difficult>0</difficult>
		<occluded>0</occluded>
		<bndbox>
			<xmin>630</xmin>
			<xmax>750</xmax>
			<ymin>291</ymin>
			<ymax>523</ymax>
		</bndbox>
	</object>
</annotation>
