<annotation>
	<folder></folder>
	<filename>00015809_015_png.rf.297f21bfcaad02d40573463971be371f.jpg</filename>
	<path>00015809_015_png.rf.297f21bfcaad02d40573463971be371f.jpg</path>
	<source>
		<database>roboflow.com</database>
	</source>
	<size>
		<width>1024</width>
		<height>1024</height>
		<depth>3</depth>
	</size>
	<segmented>0</segmented>
	<object>
		<name>pneumonia</name>
		<pose>Unspecified</pose>
		<truncated>0</truncated>
		<difficult>0</difficult>
		<occluded>0</occluded>
		<bndbox>
			<xmin>276</xmin>
			<xmax>411</xmax>
			<ymin>353</ymin>
			<ymax>602</ymax>
		</bndbox>
	</object>
	<object>
		<name>pneumonia</name>
		<pose>Unspecified</pose>
		<truncated>0</truncated>
		<difficult>0</difficult>
		<occluded>0</occluded>
		<bndbox>
			<xmin>629</xmin>
			<xmax>839</xmax>
			<ymin>313</ymin>
			<ymax>611</ymax>
		</bndbox>
	</object>
</annotation>
