<annotation>
	<folder></folder>
	<filename>00016425_000_png.rf.8a7cdea7a5bfb0dfaa8c62aeefd4fc46.jpg</filename>
	<path>00016425_000_png.rf.8a7cdea7a5bfb0dfaa8c62aeefd4fc46.jpg</path>
	<source>
		<database>roboflow.com</database>
	</source>
	<size>
		<width>1024</width>
		<height>1024</height>
		<depth>3</depth>
	</size>
	<segmented>0</segmented>
	<object>
		<name>nopneumonia</name>
		<pose>Unspecified</pose>
		<truncated>0</truncated>
		<difficult>0</difficult>
		<occluded>0</occluded>
		<bndbox>
			<xmin>273</xmin>
			<xmax>461</xmax>
			<ymin>211</ymin>
			<ymax>656</ymax>
		</bndbox>
	</object>
	<object>
		<name>nopneumonia</name>
		<pose>Unspecified</pose>
		<truncated>0</truncated>
		<difficult>0</difficult>
		<occluded>0</occluded>
		<bndbox>
			<xmin>739</xmin>
			<xmax>891</xmax>
			<ymin>259</ymin>
			<ymax>730</ymax>
		</bndbox>
	</object>
</annotation>
