<annotation>
	<folder></folder>
	<filename>00016213_007_png.rf.7d87950f7c9a8a885509e042a275d622.jpg</filename>
	<path>00016213_007_png.rf.7d87950f7c9a8a885509e042a275d622.jpg</path>
	<source>
		<database>roboflow.com</database>
	</source>
	<size>
		<width>1024</width>
		<height>1024</height>
		<depth>3</depth>
	</size>
	<segmented>0</segmented>
	<object>
		<name>pneumonia</name>
		<pose>Unspecified</pose>
		<truncated>0</truncated>
		<difficult>0</difficult>
		<occluded>0</occluded>
		<bndbox>
			<xmin>182</xmin>
			<xmax>376</xmax>
			<ymin>292</ymin>
			<ymax>629</ymax>
		</bndbox>
	</object>
	<object>
		<name>pneumonia</name>
		<pose>Unspecified</pose>
		<truncated>0</truncated>
		<difficult>0</difficult>
		<occluded>0</occluded>
		<bndbox>
			<xmin>595</xmin>
			<xmax>799</xmax>
			<ymin>267</ymin>
			<ymax>655</ymax>
		</bndbox>
	</object>
</annotation>
