<annotation>
	<folder></folder>
	<filename>00015273_000_png.rf.2cf234b57877e0044a7930946df857d5.jpg</filename>
	<path>00015273_000_png.rf.2cf234b57877e0044a7930946df857d5.jpg</path>
	<source>
		<database>roboflow.com</database>
	</source>
	<size>
		<width>1024</width>
		<height>1024</height>
		<depth>3</depth>
	</size>
	<segmented>0</segmented>
	<object>
		<name>nopneumonia</name>
		<pose>Unspecified</pose>
		<truncated>0</truncated>
		<difficult>0</difficult>
		<occluded>0</occluded>
		<bndbox>
			<xmin>190</xmin>
			<xmax>347</xmax>
			<ymin>153</ymin>
			<ymax>598</ymax>
		</bndbox>
	</object>
	<object>
		<name>pneumonia</name>
		<pose>Unspecified</pose>
		<truncated>0</truncated>
		<difficult>0</difficult>
		<occluded>0</occluded>
		<bndbox>
			<xmin>747</xmin>
			<xmax>931</xmax>
			<ymin>505</ymin>
			<ymax>648</ymax>
		</bndbox>
	</object>
</annotation>
