<annotation>
	<folder></folder>
	<filename>00013678_006_png.rf.1b14e521bb533cfa49476322317a8733.jpg</filename>
	<path>00013678_006_png.rf.1b14e521bb533cfa49476322317a8733.jpg</path>
	<source>
		<database>roboflow.com</database>
	</source>
	<size>
		<width>1024</width>
		<height>1024</height>
		<depth>3</depth>
	</size>
	<segmented>0</segmented>
	<object>
		<name>pneumonia</name>
		<pose>Unspecified</pose>
		<truncated>0</truncated>
		<difficult>0</difficult>
		<occluded>0</occluded>
		<bndbox>
			<xmin>56</xmin>
			<xmax>222</xmax>
			<ymin>461</ymin>
			<ymax>873</ymax>
		</bndbox>
	</object>
	<object>
		<name>pneumonia</name>
		<pose>Unspecified</pose>
		<truncated>0</truncated>
		<difficult>0</difficult>
		<occluded>0</occluded>
		<bndbox>
			<xmin>651</xmin>
			<xmax>836</xmax>
			<ymin>569</ymin>
			<ymax>834</ymax>
		</bndbox>
	</object>
</annotation>
