<annotation>
	<folder></folder>
	<filename>00016184_037_png.rf.378da94fcbfafcc6ab2b5aecd7515a5d.jpg</filename>
	<path>00016184_037_png.rf.378da94fcbfafcc6ab2b5aecd7515a5d.jpg</path>
	<source>
		<database>roboflow.com</database>
	</source>
	<size>
		<width>1024</width>
		<height>1024</height>
		<depth>3</depth>
	</size>
	<segmented>0</segmented>
	<object>
		<name>pneumonia</name>
		<pose>Unspecified</pose>
		<truncated>0</truncated>
		<difficult>0</difficult>
		<occluded>0</occluded>
		<bndbox>
			<xmin>192</xmin>
			<xmax>354</xmax>
			<ymin>243</ymin>
			<ymax>455</ymax>
		</bndbox>
	</object>
	<object>
		<name>pneumonia</name>
		<pose>Unspecified</pose>
		<truncated>0</truncated>
		<difficult>0</difficult>
		<occluded>0</occluded>
		<bndbox>
			<xmin>571</xmin>
			<xmax>757</xmax>
			<ymin>235</ymin>
			<ymax>532</ymax>
		</bndbox>
	</object>
</annotation>
