<annotation>
	<folder></folder>
	<filename>00013662_005_png.rf.d46ac288f12d7f92b0bdaa65b2a99935.jpg</filename>
	<path>00013662_005_png.rf.d46ac288f12d7f92b0bdaa65b2a99935.jpg</path>
	<source>
		<database>roboflow.com</database>
	</source>
	<size>
		<width>1024</width>
		<height>1024</height>
		<depth>3</depth>
	</size>
	<segmented>0</segmented>
	<object>
		<name>nopneumonia</name>
		<pose>Unspecified</pose>
		<truncated>0</truncated>
		<difficult>0</difficult>
		<occluded>0</occluded>
		<bndbox>
			<xmin>203</xmin>
			<xmax>358</xmax>
			<ymin>255</ymin>
			<ymax>629</ymax>
		</bndbox>
	</object>
	<object>
		<name>nopneumonia</name>
		<pose>Unspecified</pose>
		<truncated>0</truncated>
		<difficult>0</difficult>
		<occluded>0</occluded>
		<bndbox>
			<xmin>701</xmin>
			<xmax>838</xmax>
			<ymin>287</ymin>
			<ymax>639</ymax>
		</bndbox>
	</object>
</annotation>
