<annotation>
	<folder></folder>
	<filename>00011553_006_png.rf.5fe30f5f7d6623646357c1a13e327002.jpg</filename>
	<path>00011553_006_png.rf.5fe30f5f7d6623646357c1a13e327002.jpg</path>
	<source>
		<database>roboflow.com</database>
	</source>
	<size>
		<width>1024</width>
		<height>1024</height>
		<depth>3</depth>
	</size>
	<segmented>0</segmented>
	<object>
		<name>pneumonia</name>
		<pose>Unspecified</pose>
		<truncated>0</truncated>
		<difficult>0</difficult>
		<occluded>0</occluded>
		<bndbox>
			<xmin>367</xmin>
			<xmax>464</xmax>
			<ymin>403</ymin>
			<ymax>682</ymax>
		</bndbox>
	</object>
	<object>
		<name>pneumonia</name>
		<pose>Unspecified</pose>
		<truncated>0</truncated>
		<difficult>0</difficult>
		<occluded>0</occluded>
		<bndbox>
			<xmin>669</xmin>
			<xmax>773</xmax>
			<ymin>353</ymin>
			<ymax>573</ymax>
		</bndbox>
	</object>
</annotation>
