<annotation>
	<folder></folder>
	<filename>00015826_036_png.rf.a38128d85fb61d8a354d48bf6e249e7a.jpg</filename>
	<path>00015826_036_png.rf.a38128d85fb61d8a354d48bf6e249e7a.jpg</path>
	<source>
		<database>roboflow.com</database>
	</source>
	<size>
		<width>1024</width>
		<height>1024</height>
		<depth>3</depth>
	</size>
	<segmented>0</segmented>
	<object>
		<name>pneumonia</name>
		<pose>Unspecified</pose>
		<truncated>0</truncated>
		<difficult>0</difficult>
		<occluded>0</occluded>
		<bndbox>
			<xmin>126</xmin>
			<xmax>349</xmax>
			<ymin>467</ymin>
			<ymax>646</ymax>
		</bndbox>
	</object>
	<object>
		<name>pneumonia</name>
		<pose>Unspecified</pose>
		<truncated>0</truncated>
		<difficult>0</difficult>
		<occluded>0</occluded>
		<bndbox>
			<xmin>677</xmin>
			<xmax>886</xmax>
			<ymin>539</ymin>
			<ymax>707</ymax>
		</bndbox>
	</object>
</annotation>
