<annotation>
	<folder></folder>
	<filename>00013611_001_png.rf.e9075fdf0cd62513497d3496a8179b2c.jpg</filename>
	<path>00013611_001_png.rf.e9075fdf0cd62513497d3496a8179b2c.jpg</path>
	<source>
		<database>roboflow.com</database>
	</source>
	<size>
		<width>1024</width>
		<height>1024</height>
		<depth>3</depth>
	</size>
	<segmented>0</segmented>
	<object>
		<name>nopneumonia</name>
		<pose>Unspecified</pose>
		<truncated>0</truncated>
		<difficult>0</difficult>
		<occluded>0</occluded>
		<bndbox>
			<xmin>243</xmin>
			<xmax>354</xmax>
			<ymin>285</ymin>
			<ymax>653</ymax>
		</bndbox>
	</object>
	<object>
		<name>nopneumonia</name>
		<pose>Unspecified</pose>
		<truncated>0</truncated>
		<difficult>0</difficult>
		<occluded>0</occluded>
		<bndbox>
			<xmin>671</xmin>
			<xmax>824</xmax>
			<ymin>239</ymin>
			<ymax>633</ymax>
		</bndbox>
	</object>
</annotation>
