<annotation>
	<folder></folder>
	<filename>00014647_009_png.rf.d511c4752a0484a56a7231a457aef985.jpg</filename>
	<path>00014647_009_png.rf.d511c4752a0484a56a7231a457aef985.jpg</path>
	<source>
		<database>roboflow.com</database>
	</source>
	<size>
		<width>1024</width>
		<height>1024</height>
		<depth>3</depth>
	</size>
	<segmented>0</segmented>
	<object>
		<name>nopneumonia</name>
		<pose>Unspecified</pose>
		<truncated>0</truncated>
		<difficult>0</difficult>
		<occluded>0</occluded>
		<bndbox>
			<xmin>192</xmin>
			<xmax>354</xmax>
			<ymin>235</ymin>
			<ymax>734</ymax>
		</bndbox>
	</object>
	<object>
		<name>nopneumonia</name>
		<pose>Unspecified</pose>
		<truncated>0</truncated>
		<difficult>0</difficult>
		<occluded>0</occluded>
		<bndbox>
			<xmin>742</xmin>
			<xmax>904</xmax>
			<ymin>252</ymin>
			<ymax>708</ymax>
		</bndbox>
	</object>
</annotation>
