<annotation>
	<folder></folder>
	<filename>00011882_000_png.rf.52d75be730963aa25073c48104f36756.jpg</filename>
	<path>00011882_000_png.rf.52d75be730963aa25073c48104f36756.jpg</path>
	<source>
		<database>roboflow.com</database>
	</source>
	<size>
		<width>1024</width>
		<height>1024</height>
		<depth>3</depth>
	</size>
	<segmented>0</segmented>
	<object>
		<name>nopneumonia</name>
		<pose>Unspecified</pose>
		<truncated>0</truncated>
		<difficult>0</difficult>
		<occluded>0</occluded>
		<bndbox>
			<xmin>228</xmin>
			<xmax>332</xmax>
			<ymin>267</ymin>
			<ymax>581</ymax>
		</bndbox>
	</object>
	<object>
		<name>nopneumonia</name>
		<pose>Unspecified</pose>
		<truncated>0</truncated>
		<difficult>0</difficult>
		<occluded>0</occluded>
		<bndbox>
			<xmin>731</xmin>
			<xmax>855</xmax>
			<ymin>301</ymin>
			<ymax>606</ymax>
		</bndbox>
	</object>
</annotation>
