<annotation>
	<folder></folder>
	<filename>00011702_043_png.rf.8a17986de4e8970e37edc44f2ae8f5d7.jpg</filename>
	<path>00011702_043_png.rf.8a17986de4e8970e37edc44f2ae8f5d7.jpg</path>
	<source>
		<database>roboflow.com</database>
	</source>
	<size>
		<width>1024</width>
		<height>1024</height>
		<depth>3</depth>
	</size>
	<segmented>0</segmented>
	<object>
		<name>pneumonia</name>
		<pose>Unspecified</pose>
		<truncated>0</truncated>
		<difficult>0</difficult>
		<occluded>0</occluded>
		<bndbox>
			<xmin>310</xmin>
			<xmax>459</xmax>
			<ymin>551</ymin>
			<ymax>790</ymax>
		</bndbox>
	</object>
	<object>
		<name>nopneumonia</name>
		<pose>Unspecified</pose>
		<truncated>0</truncated>
		<difficult>0</difficult>
		<occluded>0</occluded>
		<bndbox>
			<xmin>749</xmin>
			<xmax>810</xmax>
			<ymin>473</ymin>
			<ymax>622</ymax>
		</bndbox>
	</object>
</annotation>
