<annotation>
	<folder></folder>
	<filename>00010544_029_png.rf.279be48c465e9b0294d7a876cb85962a.jpg</filename>
	<path>00010544_029_png.rf.279be48c465e9b0294d7a876cb85962a.jpg</path>
	<source>
		<database>roboflow.com</database>
	</source>
	<size>
		<width>1024</width>
		<height>1024</height>
		<depth>3</depth>
	</size>
	<segmented>0</segmented>
	<object>
		<name>pneumonia</name>
		<pose>Unspecified</pose>
		<truncated>0</truncated>
		<difficult>0</difficult>
		<occluded>0</occluded>
		<bndbox>
			<xmin>327</xmin>
			<xmax>520</xmax>
			<ymin>400</ymin>
			<ymax>514</ymax>
		</bndbox>
	</object>
	<object>
		<name>pneumonia</name>
		<pose>Unspecified</pose>
		<truncated>0</truncated>
		<difficult>0</difficult>
		<occluded>0</occluded>
		<bndbox>
			<xmin>803</xmin>
			<xmax>924</xmax>
			<ymin>309</ymin>
			<ymax>409</ymax>
		</bndbox>
	</object>
</annotation>
