<annotation>
	<folder></folder>
	<filename>00011147_000_png.rf.ba5d1774415f58fb22378952c70be542.jpg</filename>
	<path>00011147_000_png.rf.ba5d1774415f58fb22378952c70be542.jpg</path>
	<source>
		<database>roboflow.com</database>
	</source>
	<size>
		<width>1024</width>
		<height>1024</height>
		<depth>3</depth>
	</size>
	<segmented>0</segmented>
	<object>
		<name>pneumonia</name>
		<pose>Unspecified</pose>
		<truncated>0</truncated>
		<difficult>0</difficult>
		<occluded>0</occluded>
		<bndbox>
			<xmin>186</xmin>
			<xmax>312</xmax>
			<ymin>461</ymin>
			<ymax>777</ymax>
		</bndbox>
	</object>
	<object>
		<name>nopneumonia</name>
		<pose>Unspecified</pose>
		<truncated>0</truncated>
		<difficult>0</difficult>
		<occluded>0</occluded>
		<bndbox>
			<xmin>650</xmin>
			<xmax>794</xmax>
			<ymin>305</ymin>
			<ymax>606</ymax>
		</bndbox>
	</object>
</annotation>
