<annotation>
	<folder></folder>
	<filename>00014234_000_png.rf.3446ee5e3ff341e1f3245f31c0949f42.jpg</filename>
	<path>00014234_000_png.rf.3446ee5e3ff341e1f3245f31c0949f42.jpg</path>
	<source>
		<database>roboflow.com</database>
	</source>
	<size>
		<width>1024</width>
		<height>1024</height>
		<depth>3</depth>
	</size>
	<segmented>0</segmented>
	<object>
		<name>nopneumonia</name>
		<pose>Unspecified</pose>
		<truncated>0</truncated>
		<difficult>0</difficult>
		<occluded>0</occluded>
		<bndbox>
			<xmin>207</xmin>
			<xmax>442</xmax>
			<ymin>183</ymin>
			<ymax>605</ymax>
		</bndbox>
	</object>
	<object>
		<name>nopneumonia</name>
		<pose>Unspecified</pose>
		<truncated>0</truncated>
		<difficult>0</difficult>
		<occluded>0</occluded>
		<bndbox>
			<xmin>683</xmin>
			<xmax>931</xmax>
			<ymin>191</ymin>
			<ymax>657</ymax>
		</bndbox>
	</object>
</annotation>
