<annotation>
	<folder></folder>
	<filename>00010805_042_png.rf.5292210c7d37cd03f96209882e93f6cc.jpg</filename>
	<path>00010805_042_png.rf.5292210c7d37cd03f96209882e93f6cc.jpg</path>
	<source>
		<database>roboflow.com</database>
	</source>
	<size>
		<width>1024</width>
		<height>1024</height>
		<depth>3</depth>
	</size>
	<segmented>0</segmented>
	<object>
		<name>pneumonia</name>
		<pose>Unspecified</pose>
		<truncated>0</truncated>
		<difficult>0</difficult>
		<occluded>0</occluded>
		<bndbox>
			<xmin>340</xmin>
			<xmax>436</xmax>
			<ymin>548</ymin>
			<ymax>869</ymax>
		</bndbox>
	</object>
	<object>
		<name>nopneumonia</name>
		<pose>Unspecified</pose>
		<truncated>0</truncated>
		<difficult>0</difficult>
		<occluded>0</occluded>
		<bndbox>
			<xmin>635</xmin>
			<xmax>750</xmax>
			<ymin>555</ymin>
			<ymax>729</ymax>
		</bndbox>
	</object>
</annotation>
