<annotation>
	<folder></folder>
	<filename>00013992_005_png.rf.fa8a8e0336017a0ede7b0c22eb1ed262.jpg</filename>
	<path>00013992_005_png.rf.fa8a8e0336017a0ede7b0c22eb1ed262.jpg</path>
	<source>
		<database>roboflow.com</database>
	</source>
	<size>
		<width>1024</width>
		<height>1024</height>
		<depth>3</depth>
	</size>
	<segmented>0</segmented>
	<object>
		<name>pneumonia</name>
		<pose>Unspecified</pose>
		<truncated>0</truncated>
		<difficult>0</difficult>
		<occluded>0</occluded>
		<bndbox>
			<xmin>210</xmin>
			<xmax>435</xmax>
			<ymin>409</ymin>
			<ymax>746</ymax>
		</bndbox>
	</object>
	<object>
		<name>pneumonia</name>
		<pose>Unspecified</pose>
		<truncated>0</truncated>
		<difficult>0</difficult>
		<occluded>0</occluded>
		<bndbox>
			<xmin>819</xmin>
			<xmax>1022</xmax>
			<ymin>501</ymin>
			<ymax>905</ymax>
		</bndbox>
	</object>
</annotation>
