<annotation>
	<folder></folder>
	<filename>00013818_000_png.rf.6a460fc62abaa0b3d2aa14774b600117.jpg</filename>
	<path>00013818_000_png.rf.6a460fc62abaa0b3d2aa14774b600117.jpg</path>
	<source>
		<database>roboflow.com</database>
	</source>
	<size>
		<width>1024</width>
		<height>1024</height>
		<depth>3</depth>
	</size>
	<segmented>0</segmented>
	<object>
		<name>nopneumonia</name>
		<pose>Unspecified</pose>
		<truncated>0</truncated>
		<difficult>0</difficult>
		<occluded>0</occluded>
		<bndbox>
			<xmin>231</xmin>
			<xmax>451</xmax>
			<ymin>247</ymin>
			<ymax>608</ymax>
		</bndbox>
	</object>
	<object>
		<name>nopneumonia</name>
		<pose>Unspecified</pose>
		<truncated>0</truncated>
		<difficult>0</difficult>
		<occluded>0</occluded>
		<bndbox>
			<xmin>695</xmin>
			<xmax>906</xmax>
			<ymin>271</ymin>
			<ymax>691</ymax>
		</bndbox>
	</object>
</annotation>
