<annotation>
	<folder></folder>
	<filename>00011842_002_png.rf.c1c4a06ab3208abaad561ca5e422549f.jpg</filename>
	<path>00011842_002_png.rf.c1c4a06ab3208abaad561ca5e422549f.jpg</path>
	<source>
		<database>roboflow.com</database>
	</source>
	<size>
		<width>1024</width>
		<height>1024</height>
		<depth>3</depth>
	</size>
	<segmented>0</segmented>
	<object>
		<name>nopneumonia</name>
		<pose>Unspecified</pose>
		<truncated>0</truncated>
		<difficult>0</difficult>
		<occluded>0</occluded>
		<bndbox>
			<xmin>213</xmin>
			<xmax>355</xmax>
			<ymin>215</ymin>
			<ymax>635</ymax>
		</bndbox>
	</object>
	<object>
		<name>nopneumonia</name>
		<pose>Unspecified</pose>
		<truncated>0</truncated>
		<difficult>0</difficult>
		<occluded>0</occluded>
		<bndbox>
			<xmin>661</xmin>
			<xmax>779</xmax>
			<ymin>247</ymin>
			<ymax>554</ymax>
		</bndbox>
	</object>
</annotation>
