<annotation>
	<folder></folder>
	<filename>00013993_046_png.rf.22186acd6165b2bdf104216a5acab310.jpg</filename>
	<path>00013993_046_png.rf.22186acd6165b2bdf104216a5acab310.jpg</path>
	<source>
		<database>roboflow.com</database>
	</source>
	<size>
		<width>1024</width>
		<height>1024</height>
		<depth>3</depth>
	</size>
	<segmented>0</segmented>
	<object>
		<name>pneumonia</name>
		<pose>Unspecified</pose>
		<truncated>0</truncated>
		<difficult>0</difficult>
		<occluded>0</occluded>
		<bndbox>
			<xmin>247</xmin>
			<xmax>413</xmax>
			<ymin>345</ymin>
			<ymax>641</ymax>
		</bndbox>
	</object>
	<object>
		<name>nopneumonia</name>
		<pose>Unspecified</pose>
		<truncated>0</truncated>
		<difficult>0</difficult>
		<occluded>0</occluded>
		<bndbox>
			<xmin>677</xmin>
			<xmax>845</xmax>
			<ymin>259</ymin>
			<ymax>551</ymax>
		</bndbox>
	</object>
</annotation>
