<annotation>
	<folder></folder>
	<filename>00012761_007_png.rf.04ad74b8c1117d19e95b527e3b09efb2.jpg</filename>
	<path>00012761_007_png.rf.04ad74b8c1117d19e95b527e3b09efb2.jpg</path>
	<source>
		<database>roboflow.com</database>
	</source>
	<size>
		<width>1024</width>
		<height>1024</height>
		<depth>3</depth>
	</size>
	<segmented>0</segmented>
	<object>
		<name>nopneumonia</name>
		<pose>Unspecified</pose>
		<truncated>0</truncated>
		<difficult>0</difficult>
		<occluded>0</occluded>
		<bndbox>
			<xmin>223</xmin>
			<xmax>346</xmax>
			<ymin>327</ymin>
			<ymax>666</ymax>
		</bndbox>
	</object>
</annotation>
