<annotation>
	<folder></folder>
	<filename>00013641_048_png.rf.30e3687fc3b2a36cf6266f45d4ded7ce.jpg</filename>
	<path>00013641_048_png.rf.30e3687fc3b2a36cf6266f45d4ded7ce.jpg</path>
	<source>
		<database>roboflow.com</database>
	</source>
	<size>
		<width>1024</width>
		<height>1024</height>
		<depth>3</depth>
	</size>
	<segmented>0</segmented>
	<object>
		<name>nopneumonia</name>
		<pose>Unspecified</pose>
		<truncated>0</truncated>
		<difficult>0</difficult>
		<occluded>0</occluded>
		<bndbox>
			<xmin>295</xmin>
			<xmax>383</xmax>
			<ymin>222</ymin>
			<ymax>632</ymax>
		</bndbox>
	</object>
	<object>
		<name>nopneumonia</name>
		<pose>Unspecified</pose>
		<truncated>0</truncated>
		<difficult>0</difficult>
		<occluded>0</occluded>
		<bndbox>
			<xmin>731</xmin>
			<xmax>834</xmax>
			<ymin>291</ymin>
			<ymax>581</ymax>
		</bndbox>
	</object>
</annotation>
