<annotation>
	<folder></folder>
	<filename>00010334_010_png.rf.2643343472c16a80ca61ef00d569a943.jpg</filename>
	<path>00010334_010_png.rf.2643343472c16a80ca61ef00d569a943.jpg</path>
	<source>
		<database>roboflow.com</database>
	</source>
	<size>
		<width>1024</width>
		<height>1024</height>
		<depth>3</depth>
	</size>
	<segmented>0</segmented>
	<object>
		<name>nopneumonia</name>
		<pose>Unspecified</pose>
		<truncated>0</truncated>
		<difficult>0</difficult>
		<occluded>0</occluded>
		<bndbox>
			<xmin>317</xmin>
			<xmax>426</xmax>
			<ymin>371</ymin>
			<ymax>616</ymax>
		</bndbox>
	</object>
	<object>
		<name>nopneumonia</name>
		<pose>Unspecified</pose>
		<truncated>0</truncated>
		<difficult>0</difficult>
		<occluded>0</occluded>
		<bndbox>
			<xmin>715</xmin>
			<xmax>857</xmax>
			<ymin>321</ymin>
			<ymax>538</ymax>
		</bndbox>
	</object>
</annotation>
