<annotation>
	<folder></folder>
	<filename>00015442_000_png.rf.f4b465b99bb6403b20518b0a0965ed1f.jpg</filename>
	<path>00015442_000_png.rf.f4b465b99bb6403b20518b0a0965ed1f.jpg</path>
	<source>
		<database>roboflow.com</database>
	</source>
	<size>
		<width>1024</width>
		<height>1024</height>
		<depth>3</depth>
	</size>
	<segmented>0</segmented>
	<object>
		<name>nopneumonia</name>
		<pose>Unspecified</pose>
		<truncated>0</truncated>
		<difficult>0</difficult>
		<occluded>0</occluded>
		<bndbox>
			<xmin>261</xmin>
			<xmax>418</xmax>
			<ymin>217</ymin>
			<ymax>716</ymax>
		</bndbox>
	</object>
	<object>
		<name>nopneumonia</name>
		<pose>Unspecified</pose>
		<truncated>0</truncated>
		<difficult>0</difficult>
		<occluded>0</occluded>
		<bndbox>
			<xmin>702</xmin>
			<xmax>823</xmax>
			<ymin>222</ymin>
			<ymax>595</ymax>
		</bndbox>
	</object>
</annotation>
