<annotation>
	<folder></folder>
	<filename>00011386_000_png.rf.703b795de6e835890785860d4385a0d1.jpg</filename>
	<path>00011386_000_png.rf.703b795de6e835890785860d4385a0d1.jpg</path>
	<source>
		<database>roboflow.com</database>
	</source>
	<size>
		<width>1024</width>
		<height>1024</height>
		<depth>3</depth>
	</size>
	<segmented>0</segmented>
	<object>
		<name>nopneumonia</name>
		<pose>Unspecified</pose>
		<truncated>0</truncated>
		<difficult>0</difficult>
		<occluded>0</occluded>
		<bndbox>
			<xmin>339</xmin>
			<xmax>426</xmax>
			<ymin>387</ymin>
			<ymax>593</ymax>
		</bndbox>
	</object>
	<object>
		<name>nopneumonia</name>
		<pose>Unspecified</pose>
		<truncated>0</truncated>
		<difficult>0</difficult>
		<occluded>0</occluded>
		<bndbox>
			<xmin>602</xmin>
			<xmax>665</xmax>
			<ymin>368</ymin>
			<ymax>446</ymax>
		</bndbox>
	</object>
</annotation>
