<annotation>
	<folder></folder>
	<filename>00014393_007_png.rf.def789fc66100c471baf63a05666178f.jpg</filename>
	<path>00014393_007_png.rf.def789fc66100c471baf63a05666178f.jpg</path>
	<source>
		<database>roboflow.com</database>
	</source>
	<size>
		<width>1024</width>
		<height>1024</height>
		<depth>3</depth>
	</size>
	<segmented>0</segmented>
	<object>
		<name>nopneumonia</name>
		<pose>Unspecified</pose>
		<truncated>0</truncated>
		<difficult>0</difficult>
		<occluded>0</occluded>
		<bndbox>
			<xmin>231</xmin>
			<xmax>422</xmax>
			<ymin>145</ymin>
			<ymax>711</ymax>
		</bndbox>
	</object>
	<object>
		<name>nopneumonia</name>
		<pose>Unspecified</pose>
		<truncated>0</truncated>
		<difficult>0</difficult>
		<occluded>0</occluded>
		<bndbox>
			<xmin>665</xmin>
			<xmax>883</xmax>
			<ymin>237</ymin>
			<ymax>803</ymax>
		</bndbox>
	</object>
</annotation>
