<annotation>
	<folder></folder>
	<filename>00014405_001_png.rf.01891c7009718da822d7ff7c898db4e9.jpg</filename>
	<path>00014405_001_png.rf.01891c7009718da822d7ff7c898db4e9.jpg</path>
	<source>
		<database>roboflow.com</database>
	</source>
	<size>
		<width>1024</width>
		<height>1024</height>
		<depth>3</depth>
	</size>
	<segmented>0</segmented>
	<object>
		<name>nopneumonia</name>
		<pose>Unspecified</pose>
		<truncated>0</truncated>
		<difficult>0</difficult>
		<occluded>0</occluded>
		<bndbox>
			<xmin>261</xmin>
			<xmax>435</xmax>
			<ymin>219</ymin>
			<ymax>612</ymax>
		</bndbox>
	</object>
	<object>
		<name>pneumonia</name>
		<pose>Unspecified</pose>
		<truncated>0</truncated>
		<difficult>0</difficult>
		<occluded>0</occluded>
		<bndbox>
			<xmin>699</xmin>
			<xmax>906</xmax>
			<ymin>413</ymin>
			<ymax>677</ymax>
		</bndbox>
	</object>
</annotation>
