<annotation>
	<folder></folder>
	<filename>00015809_014_png.rf.64b11ab1ec8d20e8df988d02210208cb.jpg</filename>
	<path>00015809_014_png.rf.64b11ab1ec8d20e8df988d02210208cb.jpg</path>
	<source>
		<database>roboflow.com</database>
	</source>
	<size>
		<width>1024</width>
		<height>1024</height>
		<depth>3</depth>
	</size>
	<segmented>0</segmented>
	<object>
		<name>pneumonia</name>
		<pose>Unspecified</pose>
		<truncated>0</truncated>
		<difficult>0</difficult>
		<occluded>0</occluded>
		<bndbox>
			<xmin>313</xmin>
			<xmax>461</xmax>
			<ymin>301</ymin>
			<ymax>586</ymax>
		</bndbox>
	</object>
	<object>
		<name>pneumonia</name>
		<pose>Unspecified</pose>
		<truncated>0</truncated>
		<difficult>0</difficult>
		<occluded>0</occluded>
		<bndbox>
			<xmin>659</xmin>
			<xmax>850</xmax>
			<ymin>279</ymin>
			<ymax>539</ymax>
		</bndbox>
	</object>
</annotation>
