<annotation>
	<folder></folder>
	<filename>00016705_004_png.rf.bf8f4aea8eafb028cd0f36865f5a1c53.jpg</filename>
	<path>00016705_004_png.rf.bf8f4aea8eafb028cd0f36865f5a1c53.jpg</path>
	<source>
		<database>roboflow.com</database>
	</source>
	<size>
		<width>1024</width>
		<height>1024</height>
		<depth>3</depth>
	</size>
	<segmented>0</segmented>
	<object>
		<name>pneumonia</name>
		<pose>Unspecified</pose>
		<truncated>0</truncated>
		<difficult>0</difficult>
		<occluded>0</occluded>
		<bndbox>
			<xmin>199</xmin>
			<xmax>401</xmax>
			<ymin>447</ymin>
			<ymax>563</ymax>
		</bndbox>
	</object>
	<object>
		<name>pneumonia</name>
		<pose>Unspecified</pose>
		<truncated>0</truncated>
		<difficult>0</difficult>
		<occluded>0</occluded>
		<bndbox>
			<xmin>755</xmin>
			<xmax>902</xmax>
			<ymin>369</ymin>
			<ymax>879</ymax>
		</bndbox>
	</object>
</annotation>
