<annotation>
	<folder></folder>
	<filename>00010586_000_png.rf.1322ff67638017793e5fa43f491c7578.jpg</filename>
	<path>00010586_000_png.rf.1322ff67638017793e5fa43f491c7578.jpg</path>
	<source>
		<database>roboflow.com</database>
	</source>
	<size>
		<width>1024</width>
		<height>1024</height>
		<depth>3</depth>
	</size>
	<segmented>0</segmented>
	<object>
		<name>pneumonia</name>
		<pose>Unspecified</pose>
		<truncated>0</truncated>
		<difficult>0</difficult>
		<occluded>0</occluded>
		<bndbox>
			<xmin>204</xmin>
			<xmax>353</xmax>
			<ymin>316</ymin>
			<ymax>644</ymax>
		</bndbox>
	</object>
	<object>
		<name>pneumonia</name>
		<pose>Unspecified</pose>
		<truncated>0</truncated>
		<difficult>0</difficult>
		<occluded>0</occluded>
		<bndbox>
			<xmin>784</xmin>
			<xmax>887</xmax>
			<ymin>412</ymin>
			<ymax>685</ymax>
		</bndbox>
	</object>
</annotation>
