<annotation>
	<folder></folder>
	<filename>00010693_012_png.rf.2d5eb785a22d93cd59dfa10a06e23e0f.jpg</filename>
	<path>00010693_012_png.rf.2d5eb785a22d93cd59dfa10a06e23e0f.jpg</path>
	<source>
		<database>roboflow.com</database>
	</source>
	<size>
		<width>1024</width>
		<height>1024</height>
		<depth>3</depth>
	</size>
	<segmented>0</segmented>
	<object>
		<name>pneumonia</name>
		<pose>Unspecified</pose>
		<truncated>0</truncated>
		<difficult>0</difficult>
		<occluded>0</occluded>
		<bndbox>
			<xmin>205</xmin>
			<xmax>376</xmax>
			<ymin>447</ymin>
			<ymax>611</ymax>
		</bndbox>
	</object>
	<object>
		<name>pneumonia</name>
		<pose>Unspecified</pose>
		<truncated>0</truncated>
		<difficult>0</difficult>
		<occluded>0</occluded>
		<bndbox>
			<xmin>727</xmin>
			<xmax>859</xmax>
			<ymin>387</ymin>
			<ymax>576</ymax>
		</bndbox>
	</object>
</annotation>
