<annotation>
	<folder></folder>
	<filename>00012094_011_png.rf.fae25c6af365c08c4f179cabecfa1e09.jpg</filename>
	<path>00012094_011_png.rf.fae25c6af365c08c4f179cabecfa1e09.jpg</path>
	<source>
		<database>roboflow.com</database>
	</source>
	<size>
		<width>1024</width>
		<height>1024</height>
		<depth>3</depth>
	</size>
	<segmented>0</segmented>
	<object>
		<name>pneumonia</name>
		<pose>Unspecified</pose>
		<truncated>0</truncated>
		<difficult>0</difficult>
		<occluded>0</occluded>
		<bndbox>
			<xmin>232</xmin>
			<xmax>362</xmax>
			<ymin>201</ymin>
			<ymax>604</ymax>
		</bndbox>
	</object>
	<object>
		<name>nopneumonia</name>
		<pose>Unspecified</pose>
		<truncated>0</truncated>
		<difficult>0</difficult>
		<occluded>0</occluded>
		<bndbox>
			<xmin>627</xmin>
			<xmax>698</xmax>
			<ymin>249</ymin>
			<ymax>408</ymax>
		</bndbox>
	</object>
</annotation>
