<annotation>
	<folder></folder>
	<filename>00010375_001_png.rf.358e31ce2a7af4c473e762b469cb1986.jpg</filename>
	<path>00010375_001_png.rf.358e31ce2a7af4c473e762b469cb1986.jpg</path>
	<source>
		<database>roboflow.com</database>
	</source>
	<size>
		<width>1024</width>
		<height>1024</height>
		<depth>3</depth>
	</size>
	<segmented>0</segmented>
	<object>
		<name>nopneumonia</name>
		<pose>Unspecified</pose>
		<truncated>0</truncated>
		<difficult>0</difficult>
		<occluded>0</occluded>
		<bndbox>
			<xmin>235</xmin>
			<xmax>358</xmax>
			<ymin>281</ymin>
			<ymax>666</ymax>
		</bndbox>
	</object>
	<object>
		<name>nopneumonia</name>
		<pose>Unspecified</pose>
		<truncated>0</truncated>
		<difficult>0</difficult>
		<occluded>0</occluded>
		<bndbox>
			<xmin>685</xmin>
			<xmax>809</xmax>
			<ymin>305</ymin>
			<ymax>677</ymax>
		</bndbox>
	</object>
</annotation>
