<annotation>
	<folder></folder>
	<filename>00013615_053_png.rf.fc79c7ec6a1a95fcb2c4488979e1ecd5.jpg</filename>
	<path>00013615_053_png.rf.fc79c7ec6a1a95fcb2c4488979e1ecd5.jpg</path>
	<source>
		<database>roboflow.com</database>
	</source>
	<size>
		<width>1024</width>
		<height>1024</height>
		<depth>3</depth>
	</size>
	<segmented>0</segmented>
	<object>
		<name>pneumonia</name>
		<pose>Unspecified</pose>
		<truncated>0</truncated>
		<difficult>0</difficult>
		<occluded>0</occluded>
		<bndbox>
			<xmin>325</xmin>
			<xmax>479</xmax>
			<ymin>334</ymin>
			<ymax>561</ymax>
		</bndbox>
	</object>
	<object>
		<name>pneumonia</name>
		<pose>Unspecified</pose>
		<truncated>0</truncated>
		<difficult>0</difficult>
		<occluded>0</occluded>
		<bndbox>
			<xmin>799</xmin>
			<xmax>887</xmax>
			<ymin>333</ymin>
			<ymax>454</ymax>
		</bndbox>
	</object>
</annotation>
