<annotation>
	<folder></folder>
	<filename>00012834_085_png.rf.90dcfea48b6330740754355cada2b864.jpg</filename>
	<path>00012834_085_png.rf.90dcfea48b6330740754355cada2b864.jpg</path>
	<source>
		<database>roboflow.com</database>
	</source>
	<size>
		<width>1024</width>
		<height>1024</height>
		<depth>3</depth>
	</size>
	<segmented>0</segmented>
	<object>
		<name>pneumonia</name>
		<pose>Unspecified</pose>
		<truncated>0</truncated>
		<difficult>0</difficult>
		<occluded>0</occluded>
		<bndbox>
			<xmin>17</xmin>
			<xmax>209</xmax>
			<ymin>67</ymin>
			<ymax>267</ymax>
		</bndbox>
	</object>
	<object>
		<name>pneumonia</name>
		<pose>Unspecified</pose>
		<truncated>0</truncated>
		<difficult>0</difficult>
		<occluded>0</occluded>
		<bndbox>
			<xmin>601</xmin>
			<xmax>839</xmax>
			<ymin>45</ymin>
			<ymax>280</ymax>
		</bndbox>
	</object>
</annotation>
