<annotation>
	<folder></folder>
	<filename>00015628_018_png.rf.bda06ad2a034947e9b2eea3eca816bdf.jpg</filename>
	<path>00015628_018_png.rf.bda06ad2a034947e9b2eea3eca816bdf.jpg</path>
	<source>
		<database>roboflow.com</database>
	</source>
	<size>
		<width>1024</width>
		<height>1024</height>
		<depth>3</depth>
	</size>
	<segmented>0</segmented>
	<object>
		<name>nopneumonia</name>
		<pose>Unspecified</pose>
		<truncated>0</truncated>
		<difficult>0</difficult>
		<occluded>0</occluded>
		<bndbox>
			<xmin>184</xmin>
			<xmax>331</xmax>
			<ymin>252</ymin>
			<ymax>646</ymax>
		</bndbox>
	</object>
	<object>
		<name>nopneumonia</name>
		<pose>Unspecified</pose>
		<truncated>0</truncated>
		<difficult>0</difficult>
		<occluded>0</occluded>
		<bndbox>
			<xmin>677</xmin>
			<xmax>874</xmax>
			<ymin>287</ymin>
			<ymax>716</ymax>
		</bndbox>
	</object>
</annotation>
