<annotation>
	<folder></folder>
	<filename>00015977_002_png.rf.2f9cf5162f0c59d30230dc8c7221a56e.jpg</filename>
	<path>00015977_002_png.rf.2f9cf5162f0c59d30230dc8c7221a56e.jpg</path>
	<source>
		<database>roboflow.com</database>
	</source>
	<size>
		<width>1024</width>
		<height>1024</height>
		<depth>3</depth>
	</size>
	<segmented>0</segmented>
	<object>
		<name>nopneumonia</name>
		<pose>Unspecified</pose>
		<truncated>0</truncated>
		<difficult>0</difficult>
		<occluded>0</occluded>
		<bndbox>
			<xmin>179</xmin>
			<xmax>349</xmax>
			<ymin>232</ymin>
			<ymax>496</ymax>
		</bndbox>
	</object>
	<object>
		<name>pneumonia</name>
		<pose>Unspecified</pose>
		<truncated>0</truncated>
		<difficult>0</difficult>
		<occluded>0</occluded>
		<bndbox>
			<xmin>695</xmin>
			<xmax>833</xmax>
			<ymin>401</ymin>
			<ymax>507</ymax>
		</bndbox>
	</object>
</annotation>
