<annotation>
	<folder></folder>
	<filename>00011514_015_png.rf.f938c6a7c2ee46008a49f9b06f882342.jpg</filename>
	<path>00011514_015_png.rf.f938c6a7c2ee46008a49f9b06f882342.jpg</path>
	<source>
		<database>roboflow.com</database>
	</source>
	<size>
		<width>1024</width>
		<height>1024</height>
		<depth>3</depth>
	</size>
	<segmented>0</segmented>
	<object>
		<name>pneumonia</name>
		<pose>Unspecified</pose>
		<truncated>0</truncated>
		<difficult>0</difficult>
		<occluded>0</occluded>
		<bndbox>
			<xmin>212</xmin>
			<xmax>368</xmax>
			<ymin>313</ymin>
			<ymax>605</ymax>
		</bndbox>
	</object>
	<object>
		<name>pneumonia</name>
		<pose>Unspecified</pose>
		<truncated>0</truncated>
		<difficult>0</difficult>
		<occluded>0</occluded>
		<bndbox>
			<xmin>697</xmin>
			<xmax>805</xmax>
			<ymin>401</ymin>
			<ymax>543</ymax>
		</bndbox>
	</object>
</annotation>
