<annotation>
	<folder></folder>
	<filename>00010531_073_png.rf.3db2f9a0855fab687a99f2159505a826.jpg</filename>
	<path>00010531_073_png.rf.3db2f9a0855fab687a99f2159505a826.jpg</path>
	<source>
		<database>roboflow.com</database>
	</source>
	<size>
		<width>1024</width>
		<height>1024</height>
		<depth>3</depth>
	</size>
	<segmented>0</segmented>
	<object>
		<name>nopneumonia</name>
		<pose>Unspecified</pose>
		<truncated>0</truncated>
		<difficult>0</difficult>
		<occluded>0</occluded>
		<bndbox>
			<xmin>221</xmin>
			<xmax>342</xmax>
			<ymin>239</ymin>
			<ymax>654</ymax>
		</bndbox>
	</object>
	<object>
		<name>pneumonia</name>
		<pose>Unspecified</pose>
		<truncated>0</truncated>
		<difficult>0</difficult>
		<occluded>0</occluded>
		<bndbox>
			<xmin>737</xmin>
			<xmax>882</xmax>
			<ymin>443</ymin>
			<ymax>616</ymax>
		</bndbox>
	</object>
</annotation>
