<annotation>
	<folder></folder>
	<filename>00011472_001_png.rf.7e844df9b78bc2387b4fd236abc95bc9.jpg</filename>
	<path>00011472_001_png.rf.7e844df9b78bc2387b4fd236abc95bc9.jpg</path>
	<source>
		<database>roboflow.com</database>
	</source>
	<size>
		<width>1024</width>
		<height>1024</height>
		<depth>3</depth>
	</size>
	<segmented>0</segmented>
	<object>
		<name>nopneumonia</name>
		<pose>Unspecified</pose>
		<truncated>0</truncated>
		<difficult>0</difficult>
		<occluded>0</occluded>
		<bndbox>
			<xmin>257</xmin>
			<xmax>392</xmax>
			<ymin>179</ymin>
			<ymax>549</ymax>
		</bndbox>
	</object>
	<object>
		<name>nopneumonia</name>
		<pose>Unspecified</pose>
		<truncated>0</truncated>
		<difficult>0</difficult>
		<occluded>0</occluded>
		<bndbox>
			<xmin>697</xmin>
			<xmax>818</xmax>
			<ymin>233</ymin>
			<ymax>523</ymax>
		</bndbox>
	</object>
</annotation>
