<annotation>
	<folder></folder>
	<filename>00010761_002_png.rf.39c09fbbb32695672c9a52b9777cf752.jpg</filename>
	<path>00010761_002_png.rf.39c09fbbb32695672c9a52b9777cf752.jpg</path>
	<source>
		<database>roboflow.com</database>
	</source>
	<size>
		<width>1024</width>
		<height>1024</height>
		<depth>3</depth>
	</size>
	<segmented>0</segmented>
	<object>
		<name>pneumonia</name>
		<pose>Unspecified</pose>
		<truncated>0</truncated>
		<difficult>0</difficult>
		<occluded>0</occluded>
		<bndbox>
			<xmin>205</xmin>
			<xmax>391</xmax>
			<ymin>493</ymin>
			<ymax>715</ymax>
		</bndbox>
	</object>
	<object>
		<name>pneumonia</name>
		<pose>Unspecified</pose>
		<truncated>0</truncated>
		<difficult>0</difficult>
		<occluded>0</occluded>
		<bndbox>
			<xmin>681</xmin>
			<xmax>791</xmax>
			<ymin>531</ymin>
			<ymax>656</ymax>
		</bndbox>
	</object>
</annotation>
