<annotation>
	<folder></folder>
	<filename>00013304_002_png.rf.e212a137c8ca1b42284c4d312daf2af5.jpg</filename>
	<path>00013304_002_png.rf.e212a137c8ca1b42284c4d312daf2af5.jpg</path>
	<source>
		<database>roboflow.com</database>
	</source>
	<size>
		<width>1024</width>
		<height>1024</height>
		<depth>3</depth>
	</size>
	<segmented>0</segmented>
	<object>
		<name>nopneumonia</name>
		<pose>Unspecified</pose>
		<truncated>0</truncated>
		<difficult>0</difficult>
		<occluded>0</occluded>
		<bndbox>
			<xmin>285</xmin>
			<xmax>414</xmax>
			<ymin>199</ymin>
			<ymax>572</ymax>
		</bndbox>
	</object>
	<object>
		<name>pneumonia</name>
		<pose>Unspecified</pose>
		<truncated>0</truncated>
		<difficult>0</difficult>
		<occluded>0</occluded>
		<bndbox>
			<xmin>691</xmin>
			<xmax>858</xmax>
			<ymin>319</ymin>
			<ymax>448</ymax>
		</bndbox>
	</object>
</annotation>
