<annotation>
	<folder></folder>
	<filename>00012733_000_png.rf.a20be35761115af972a9a71ca8b2253a.jpg</filename>
	<path>00012733_000_png.rf.a20be35761115af972a9a71ca8b2253a.jpg</path>
	<source>
		<database>roboflow.com</database>
	</source>
	<size>
		<width>1024</width>
		<height>1024</height>
		<depth>3</depth>
	</size>
	<segmented>0</segmented>
	<object>
		<name>nopneumonia</name>
		<pose>Unspecified</pose>
		<truncated>0</truncated>
		<difficult>0</difficult>
		<occluded>0</occluded>
		<bndbox>
			<xmin>280</xmin>
			<xmax>416</xmax>
			<ymin>271</ymin>
			<ymax>693</ymax>
		</bndbox>
	</object>
	<object>
		<name>nopneumonia</name>
		<pose>Unspecified</pose>
		<truncated>0</truncated>
		<difficult>0</difficult>
		<occluded>0</occluded>
		<bndbox>
			<xmin>728</xmin>
			<xmax>856</xmax>
			<ymin>232</ymin>
			<ymax>582</ymax>
		</bndbox>
	</object>
</annotation>
