<annotation>
	<folder></folder>
	<filename>00016036_001_png.rf.60440b0b35b4f6edbc77e097c57c71fe.jpg</filename>
	<path>00016036_001_png.rf.60440b0b35b4f6edbc77e097c57c71fe.jpg</path>
	<source>
		<database>roboflow.com</database>
	</source>
	<size>
		<width>1024</width>
		<height>1024</height>
		<depth>3</depth>
	</size>
	<segmented>0</segmented>
	<object>
		<name>pneumonia</name>
		<pose>Unspecified</pose>
		<truncated>0</truncated>
		<difficult>0</difficult>
		<occluded>0</occluded>
		<bndbox>
			<xmin>221</xmin>
			<xmax>394</xmax>
			<ymin>259</ymin>
			<ymax>404</ymax>
		</bndbox>
	</object>
	<object>
		<name>nopneumonia</name>
		<pose>Unspecified</pose>
		<truncated>0</truncated>
		<difficult>0</difficult>
		<occluded>0</occluded>
		<bndbox>
			<xmin>705</xmin>
			<xmax>876</xmax>
			<ymin>209</ymin>
			<ymax>676</ymax>
		</bndbox>
	</object>
</annotation>
