<annotation>
	<folder></folder>
	<filename>00011391_006_png.rf.402acce8c16700baa7314cfa7cbaa34b.jpg</filename>
	<path>00011391_006_png.rf.402acce8c16700baa7314cfa7cbaa34b.jpg</path>
	<source>
		<database>roboflow.com</database>
	</source>
	<size>
		<width>1024</width>
		<height>1024</height>
		<depth>3</depth>
	</size>
	<segmented>0</segmented>
	<object>
		<name>pneumonia</name>
		<pose>Unspecified</pose>
		<truncated>0</truncated>
		<difficult>0</difficult>
		<occluded>0</occluded>
		<bndbox>
			<xmin>213</xmin>
			<xmax>373</xmax>
			<ymin>843</ymin>
			<ymax>993</ymax>
		</bndbox>
	</object>
	<object>
		<name>nopneumonia</name>
		<pose>Unspecified</pose>
		<truncated>0</truncated>
		<difficult>0</difficult>
		<occluded>0</occluded>
		<bndbox>
			<xmin>671</xmin>
			<xmax>797</xmax>
			<ymin>517</ymin>
			<ymax>790</ymax>
		</bndbox>
	</object>
</annotation>
