<annotation>
	<folder></folder>
	<filename>00014603_006_png.rf.5306ad4ea02dc81194545546b650a163.jpg</filename>
	<path>00014603_006_png.rf.5306ad4ea02dc81194545546b650a163.jpg</path>
	<source>
		<database>roboflow.com</database>
	</source>
	<size>
		<width>1024</width>
		<height>1024</height>
		<depth>3</depth>
	</size>
	<segmented>0</segmented>
	<object>
		<name>nopneumonia</name>
		<pose>Unspecified</pose>
		<truncated>0</truncated>
		<difficult>0</difficult>
		<occluded>0</occluded>
		<bndbox>
			<xmin>310</xmin>
			<xmax>468</xmax>
			<ymin>272</ymin>
			<ymax>611</ymax>
		</bndbox>
	</object>
	<object>
		<name>nopneumonia</name>
		<pose>Unspecified</pose>
		<truncated>0</truncated>
		<difficult>0</difficult>
		<occluded>0</occluded>
		<bndbox>
			<xmin>711</xmin>
			<xmax>904</xmax>
			<ymin>307</ymin>
			<ymax>656</ymax>
		</bndbox>
	</object>
</annotation>
