<annotation>
	<folder></folder>
	<filename>00016291_015_png.rf.e6f35acd28ac11ab6343b85493745dd6.jpg</filename>
	<path>00016291_015_png.rf.e6f35acd28ac11ab6343b85493745dd6.jpg</path>
	<source>
		<database>roboflow.com</database>
	</source>
	<size>
		<width>1024</width>
		<height>1024</height>
		<depth>3</depth>
	</size>
	<segmented>0</segmented>
	<object>
		<name>nopneumonia</name>
		<pose>Unspecified</pose>
		<truncated>0</truncated>
		<difficult>0</difficult>
		<occluded>0</occluded>
		<bndbox>
			<xmin>180</xmin>
			<xmax>346</xmax>
			<ymin>174</ymin>
			<ymax>693</ymax>
		</bndbox>
	</object>
	<object>
		<name>pneumonia</name>
		<pose>Unspecified</pose>
		<truncated>0</truncated>
		<difficult>0</difficult>
		<occluded>0</occluded>
		<bndbox>
			<xmin>672</xmin>
			<xmax>857</xmax>
			<ymin>185</ymin>
			<ymax>353</ymax>
		</bndbox>
	</object>
</annotation>
