<annotation>
	<folder></folder>
	<filename>00010505_018_png.rf.e7a357e3f18726deac59c23274565772.jpg</filename>
	<path>00010505_018_png.rf.e7a357e3f18726deac59c23274565772.jpg</path>
	<source>
		<database>roboflow.com</database>
	</source>
	<size>
		<width>1024</width>
		<height>1024</height>
		<depth>3</depth>
	</size>
	<segmented>0</segmented>
	<object>
		<name>pneumonia</name>
		<pose>Unspecified</pose>
		<truncated>0</truncated>
		<difficult>0</difficult>
		<occluded>0</occluded>
		<bndbox>
			<xmin>154</xmin>
			<xmax>301</xmax>
			<ymin>317</ymin>
			<ymax>476</ymax>
		</bndbox>
	</object>
	<object>
		<name>pneumonia</name>
		<pose>Unspecified</pose>
		<truncated>0</truncated>
		<difficult>0</difficult>
		<occluded>0</occluded>
		<bndbox>
			<xmin>639</xmin>
			<xmax>761</xmax>
			<ymin>347</ymin>
			<ymax>500</ymax>
		</bndbox>
	</object>
</annotation>
