<annotation>
	<folder></folder>
	<filename>00014492_005_png.rf.401b2aa69bad0ed4fec72f7cc4b20aae.jpg</filename>
	<path>00014492_005_png.rf.401b2aa69bad0ed4fec72f7cc4b20aae.jpg</path>
	<source>
		<database>roboflow.com</database>
	</source>
	<size>
		<width>1024</width>
		<height>1024</height>
		<depth>3</depth>
	</size>
	<segmented>0</segmented>
	<object>
		<name>nopneumonia</name>
		<pose>Unspecified</pose>
		<truncated>0</truncated>
		<difficult>0</difficult>
		<occluded>0</occluded>
		<bndbox>
			<xmin>207</xmin>
			<xmax>408</xmax>
			<ymin>243</ymin>
			<ymax>809</ymax>
		</bndbox>
	</object>
	<object>
		<name>nopneumonia</name>
		<pose>Unspecified</pose>
		<truncated>0</truncated>
		<difficult>0</difficult>
		<occluded>0</occluded>
		<bndbox>
			<xmin>746</xmin>
			<xmax>878</xmax>
			<ymin>486</ymin>
			<ymax>871</ymax>
		</bndbox>
	</object>
	<object>
		<name>pneumonia</name>
		<pose>Unspecified</pose>
		<truncated>0</truncated>
		<difficult>0</difficult>
		<occluded>0</occluded>
		<bndbox>
			<xmin>669</xmin>
			<xmax>857</xmax>
			<ymin>241</ymin>
			<ymax>419</ymax>
		</bndbox>
	</object>
</annotation>
