<annotation>
	<folder></folder>
	<filename>00014647_005_png.rf.44b45791ad177962e7da832bf36af045.jpg</filename>
	<path>00014647_005_png.rf.44b45791ad177962e7da832bf36af045.jpg</path>
	<source>
		<database>roboflow.com</database>
	</source>
	<size>
		<width>1024</width>
		<height>1024</height>
		<depth>3</depth>
	</size>
	<segmented>0</segmented>
	<object>
		<name>nopneumonia</name>
		<pose>Unspecified</pose>
		<truncated>0</truncated>
		<difficult>0</difficult>
		<occluded>0</occluded>
		<bndbox>
			<xmin>263</xmin>
			<xmax>428</xmax>
			<ymin>285</ymin>
			<ymax>702</ymax>
		</bndbox>
	</object>
	<object>
		<name>nopneumonia</name>
		<pose>Unspecified</pose>
		<truncated>0</truncated>
		<difficult>0</difficult>
		<occluded>0</occluded>
		<bndbox>
			<xmin>713</xmin>
			<xmax>869</xmax>
			<ymin>227</ymin>
			<ymax>698</ymax>
		</bndbox>
	</object>
</annotation>
